id,title,url,upload_date,duration,view_count,description,thumbnail
Dkc2jq0Bftc,Minnesota Startup Awards 2022,https://www.youtube.com/watch?v=Dkc2jq0Bftc,,2429.0,,,https://i.ytimg.com/vi/Dkc2jq0Bftc/hqdefault.jpg?sqp=-oaymwEcCNACELwBSFXyq4qpAw4IARUAAIhCGAFwAcABBg==&rs=AOn4CLAQevMvN7ookvwc5JDkz5krIdTOeQ
YzlzrbfqE7o,Scaling in EdTech by Listening,https://www.youtube.com/watch?v=YzlzrbfqE7o,,3285.0,,,https://i.ytimg.com/vi/YzlzrbfqE7o/hqdefault.jpg?sqp=-oaymwEcCNACELwBSFXyq4qpAw4IARUAAIhCGAFwAcABBg==&rs=AOn4CLAL1Z7d2MroYlPVK2hguoaGtWewZg
4gq-690LWkE,UX Portfolio Coffee Hour: Get Hired Before Leaving Bootcamp,https://www.youtube.com/watch?v=4gq-690LWkE,,3734.0,,,https://i.ytimg.com/vi/4gq-690LWkE/hqdefault.jpg?sqp=-oaymwEcCNACELwBSFXyq4qpAw4IARUAAIhCGAFwAcABBg==&rs=AOn4CLD--f-ZB2DJk1C8xmcwFnJej_L7ew
U2MSAN77kh0,Valuable aspects of company culture,https://www.youtube.com/watch?v=U2MSAN77kh0,,2719.0,,,https://i.ytimg.com/vi/U2MSAN77kh0/hqdefault.jpg?sqp=-oaymwEcCNACELwBSFXyq4qpAw4IARUAAIhCGAFwAcABBg==&rs=AOn4CLCX0NmHapF_Kkl6WMTyDlqC3kJIpA
nTYvnIXdD2I,Why Going Green is Good for Business,https://www.youtube.com/watch?v=nTYvnIXdD2I,,1847.0,,,https://i.ytimg.com/vi/nTYvnIXdD2I/hqdefault.jpg?sqp=-oaymwEcCNACELwBSFXyq4qpAw4IARUAAIhCGAFwAcABBg==&rs=AOn4CLC87MulYjBifBz8wZBwB5J_HG1TFA
fF2U_zNOrwg,The Great Realization: Redefining the meaning of work in a post-pandemic world,https://www.youtube.com/watch?v=fF2U_zNOrwg,,4060.0,,,https://i.ytimg.com/vi/fF2U_zNOrwg/hqdefault.jpg?sqp=-oaymwEcCNACELwBSFXyq4qpAw4IARUAAIhCGAFwAcABBg==&rs=AOn4CLAueXPFcBYEPBetbpXInPUJGBrbjg
NPFHQnX0tQA,The Future of Business,https://www.youtube.com/watch?v=NPFHQnX0tQA,,3593.0,,,https://i.ytimg.com/vi/NPFHQnX0tQA/hqdefault.jpg?sqp=-oaymwEcCNACELwBSFXyq4qpAw4IARUAAIhCGAFwAcABBg==&rs=AOn4CLA2SHzwmMFeT2JIyaDAM36XFSFCIg
scSrsOYyd6s,Normalizing Not Drinking in Workplace Culture,https://www.youtube.com/watch?v=scSrsOYyd6s,,3559.0,,,https://i.ytimg.com/vi/scSrsOYyd6s/hqdefault.jpg?sqp=-oaymwEcCNACELwBSFXyq4qpAw4IARUAAIhCGAFwAcABBg==&rs=AOn4CLCyEHPDEOEv3EEAY2ubzHevtwFzpQ
dj7zS1OhyCI,Seeing Through the Hype: Finding Alignment with Your Technology Partners,https://www.youtube.com/watch?v=dj7zS1OhyCI,,2661.0,,,https://i.ytimg.com/vi/dj7zS1OhyCI/hqdefault.jpg?sqp=-oaymwEcCNACELwBSFXyq4qpAw4IARUAAIhCGAFwAcABBg==&rs=AOn4CLAuv_bmNTverlNOf8Q6mMATl8ku7g
c-c4J3ziAE0,Twin Cities Startup Jeopardy,https://www.youtube.com/watch?v=c-c4J3ziAE0,,1340.0,,,https://i.ytimg.com/vi/c-c4J3ziAE0/hqdefault.jpg?sqp=-oaymwEcCNACELwBSFXyq4qpAw4IARUAAIhCGAFwAcABBg==&rs=AOn4CLA8TYY3Uo16dO-mHxJB4qBWrNzRFA
rPsH8UvBJ-c,The Future of Gaming,https://www.youtube.com/watch?v=rPsH8UvBJ-c,,1499.0,,,https://i.ytimg.com/vi/rPsH8UvBJ-c/hqdefault.jpg?sqp=-oaymwEcCNACELwBSFXyq4qpAw4IARUAAIhCGAFwAcABBg==&rs=AOn4CLCR4I_WFb7OS0-TXtWYol3tXnEJEg
g5t9ejZ_qd8,Launching Naturally Minnesota,https://www.youtube.com/watch?v=g5t9ejZ_qd8,,3681.0,,,https://i.ytimg.com/vi/g5t9ejZ_qd8/hqdefault.jpg?sqp=-oaymwEcCNACELwBSFXyq4qpAw4IARUAAIhCGAFwAcABBg==&rs=AOn4CLC-ct2oCkIRRlPCx0jHFP1QmoYZaQ
hRNtzJsVrBA,Launch Minnesota Board AMA,https://www.youtube.com/watch?v=hRNtzJsVrBA,,3694.0,,,https://i.ytimg.com/vi/hRNtzJsVrBA/hqdefault.jpg?sqp=-oaymwEcCNACELwBSFXyq4qpAw4IARUAAIhCGAFwAcABBg==&rs=AOn4CLCsMvidmbOyiozIbsikPOwOIy4rjw
o93gE7VSx70,What the Great British Bake Off Can Teach Us About Feedback,https://www.youtube.com/watch?v=o93gE7VSx70,,1583.0,,,https://i.ytimg.com/vi/o93gE7VSx70/hqdefault.jpg?sqp=-oaymwEcCNACELwBSFXyq4qpAw4IARUAAIhCGAFwAcABBg==&rs=AOn4CLCJ67geCyol_aybG9Xgt4LkE_HeQQ
_2-2QUy7rQk,Leading Change in Autonomy,https://www.youtube.com/watch?v=_2-2QUy7rQk,,2631.0,,,https://i.ytimg.com/vi/_2-2QUy7rQk/hqdefault.jpg?sqp=-oaymwEcCNACELwBSFXyq4qpAw4IARUAAIhCGAFwAcABBg==&rs=AOn4CLCpCMgY2oBiZ74KOqT9qgpalhDngQ
zqF-a4HjRMI,Investor Focus: De-Risking Early Stage Ventures,https://www.youtube.com/watch?v=zqF-a4HjRMI,,2997.0,,,https://i.ytimg.com/vi/zqF-a4HjRMI/hqdefault.jpg?sqp=-oaymwEcCNACELwBSFXyq4qpAw4IARUAAIhCGAFwAcABBg==&rs=AOn4CLDrvtgpNfOBedeTaNlfnMh0J1Wg-g
6_IzJb5NjI4,How To Save Money On Prescription Medications,https://www.youtube.com/watch?v=6_IzJb5NjI4,,2089.0,,,https://i.ytimg.com/vi/6_IzJb5NjI4/hqdefault.jpg?sqp=-oaymwEcCNACELwBSFXyq4qpAw4IARUAAIhCGAFwAcABBg==&rs=AOn4CLCyuJ9e207XB9aSzR_JNNEj6avMAw
uXwpGCMp6h8,"Hiring, Onboarding, and Retaining Diverse Tech Talent",https://www.youtube.com/watch?v=uXwpGCMp6h8,,3755.0,,,https://i.ytimg.com/vi/uXwpGCMp6h8/hqdefault.jpg?sqp=-oaymwEcCNACELwBSFXyq4qpAw4IARUAAIhCGAFwAcABBg==&rs=AOn4CLAzHX6pZQRQmivv6R1pEnsJVt1iBw
1NGHRwktA2c,How to Know When It's Time to Quit,https://www.youtube.com/watch?v=1NGHRwktA2c,,2974.0,,,https://i.ytimg.com/vi/1NGHRwktA2c/hqdefault.jpg?sqp=-oaymwEcCNACELwBSFXyq4qpAw4IARUAAIhCGAFwAcABBg==&rs=AOn4CLCk1bDyQbgOusvgb36tPVP2qDtzbA
KarA2fcG1dQ,How To Build A Product Market Fit Engine,https://www.youtube.com/watch?v=KarA2fcG1dQ,,3602.0,,,https://i.ytimg.com/vi/KarA2fcG1dQ/hqdefault.jpg?sqp=-oaymwEcCNACELwBSFXyq4qpAw4IARUAAIhCGAFwAcABBg==&rs=AOn4CLB9vACx28cqqZyxV-jXPc-0os_OuA
0SyZFFW2mWs,Fundraising for Female Entrepreneurs,https://www.youtube.com/watch?v=0SyZFFW2mWs,,3443.0,,,https://i.ytimg.com/vi/0SyZFFW2mWs/hqdefault.jpg?sqp=-oaymwEcCNACELwBSFXyq4qpAw4IARUAAIhCGAFwAcABBg==&rs=AOn4CLAvudxbznPApU35yM9vLkY7QCvGVQ
fgyiV6b-sqg,How Cultural Awareness Can Propel Growth,https://www.youtube.com/watch?v=fgyiV6b-sqg,,2754.0,,,https://i.ytimg.com/vi/fgyiV6b-sqg/hqdefault.jpg?sqp=-oaymwEcCNACELwBSFXyq4qpAw4IARUAAIhCGAFwAcABBg==&rs=AOn4CLDQ1YAD2iJU-olGOwcb9-gWhJqa2w
ulFDrIugLuo,Do I Really Need A Product Roadmap?,https://www.youtube.com/watch?v=ulFDrIugLuo,,3078.0,,,https://i.ytimg.com/vi/ulFDrIugLuo/hqdefault.jpg?sqp=-oaymwEcCNACELwBSFXyq4qpAw4IARUAAIhCGAFwAcABBg==&rs=AOn4CLDX-mA3nl6RPIC9TilcSS1yTGs_Iw
ExZDHZqUMZk,Code Savvy Presents: Entrepreneurial Thinking For Students,https://www.youtube.com/watch?v=ExZDHZqUMZk,,5312.0,,,https://i.ytimg.com/vi/ExZDHZqUMZk/hqdefault.jpg?sqp=-oaymwEcCNACELwBSFXyq4qpAw4IARUAAIhCGAFwAcABBg==&rs=AOn4CLAHRTUJQz2yD0TimGgK-3rflK1sDg
mSFbdRTTblc,A deep dive into Gen Z Industry Trends with Atland Ventures,https://www.youtube.com/watch?v=mSFbdRTTblc,,3626.0,,,https://i.ytimg.com/vi/mSFbdRTTblc/hqdefault.jpg?sqp=-oaymwEcCNACELwBSFXyq4qpAw4IARUAAIhCGAFwAcABBg==&rs=AOn4CLDSqZJwfMObdtFwyae-pekldQ-_Lw
McacCxBQeNM,Begin with Validation: The First Step to Turning Your Idea into a Profitable Business,https://www.youtube.com/watch?v=McacCxBQeNM,,3829.0,,,https://i.ytimg.com/vi/McacCxBQeNM/hqdefault.jpg?sqp=-oaymwEcCNACELwBSFXyq4qpAw4IARUAAIhCGAFwAcABBg==&rs=AOn4CLAPgL4o6FKexU19fNqw8TaGzm1d7A
LhgrvbeI-fY,Bringing your product to life - The value of hiring an experienced team,https://www.youtube.com/watch?v=LhgrvbeI-fY,,2685.0,,,https://i.ytimg.com/vi/LhgrvbeI-fY/hqdefault.jpg?sqp=-oaymwEcCNACELwBSFXyq4qpAw4IARUAAIhCGAFwAcABBg==&rs=AOn4CLDCNdeHOmRF9nGwE1IMJxUhD_DXpQ
S4UsYbQt4Gk,Build your STEM talent pipeline and get a rebate to do it!,https://www.youtube.com/watch?v=S4UsYbQt4Gk,,3297.0,,,https://i.ytimg.com/vi/S4UsYbQt4Gk/hqdefault.jpg?sqp=-oaymwEcCNACELwBSFXyq4qpAw4IARUAAIhCGAFwAcABBg==&rs=AOn4CLBfYOAcUAfBq4xRN6Q2_pfrFp6l8g
NfcUeloyntA,Building A Business that Does Not Burn You Out,https://www.youtube.com/watch?v=NfcUeloyntA,,2586.0,,,https://i.ytimg.com/vi/NfcUeloyntA/hqdefault.jpg?sqp=-oaymwEcCNACELwBSFXyq4qpAw4IARUAAIhCGAFwAcABBg==&rs=AOn4CLB-RqdWY4H7Z1lkDKF6mk37q-RgCA
lGgBRhb1N88,PR on a Startup Budget,https://www.youtube.com/watch?v=lGgBRhb1N88,,3163.0,,,https://i.ytimg.com/vi/lGgBRhb1N88/hqdefault.jpg?sqp=-oaymwEcCNACELwBSFXyq4qpAw4IARUAAIhCGAFwAcABBg==&rs=AOn4CLBTp6GzKc7t7OrOzBmo-gsFKgTdig
1BxChT8YLHA,Piecing Together the Talent Puzzle - 4 Truths About Finding and Keeping Talent,https://www.youtube.com/watch?v=1BxChT8YLHA,,2632.0,,,https://i.ytimg.com/vi/1BxChT8YLHA/hqdefault.jpg?sqp=-oaymwEcCNACELwBSFXyq4qpAw4IARUAAIhCGAFwAcABBg==&rs=AOn4CLD9OOo10P3imT5icKV3N37lG5fDvw
LEQM9TyaEm0,Minnesota: An Optical Place to Build and Grow In Technology,https://www.youtube.com/watch?v=LEQM9TyaEm0,,637.0,,,https://i.ytimg.com/vi/LEQM9TyaEm0/hqdefault.jpg?sqp=-oaymwEcCNACELwBSFXyq4qpAw4IARUAAIhCGAFwAcABBg==&rs=AOn4CLBRsw1QsnZ0GFy8bESAxfE0xiGoiQ
hL6elm7wQfc,Diversity and Inclusion Drives Innovation,https://www.youtube.com/watch?v=hL6elm7wQfc,,3181.0,,,https://i.ytimg.com/vi/hL6elm7wQfc/hqdefault.jpg?sqp=-oaymwEcCNACELwBSFXyq4qpAw4IARUAAIhCGAFwAcABBg==&rs=AOn4CLBdsBizwoYCFPImNY0pNlyt3dngMA
dnnepworZRg,Building the Table,https://www.youtube.com/watch?v=dnnepworZRg,,3064.0,,,https://i.ytimg.com/vi/dnnepworZRg/hqdefault.jpg?sqp=-oaymwEcCNACELwBSFXyq4qpAw4IARUAAIhCGAFwAcABBg==&rs=AOn4CLC00FBm0GQFqWd_542D8gIWpz7pqQ
OCwheQQ8hQc,Creating an Irresistible Consumer Product,https://www.youtube.com/watch?v=OCwheQQ8hQc,,3161.0,,,https://i.ytimg.com/vi/OCwheQQ8hQc/hqdefault.jpg?sqp=-oaymwEcCNACELwBSFXyq4qpAw4IARUAAIhCGAFwAcABBg==&rs=AOn4CLCltXxPjHpIdyI1YMowLtG0e2giAA
NeSzelhxvUw,Impact Measurement: A 360 View of Concept and Importance,https://www.youtube.com/watch?v=NeSzelhxvUw,,2974.0,,,https://i.ytimg.com/vi/NeSzelhxvUw/hqdefault.jpg?sqp=-oaymwEcCNACELwBSFXyq4qpAw4IARUAAIhCGAFwAcABBg==&rs=AOn4CLBhzE0Vm9t7W4_0JXJsqm-xglbAVA
ZSkX2X-ZUWc,Intellectual Property: Patents,https://www.youtube.com/watch?v=ZSkX2X-ZUWc,,3523.0,,,https://i.ytimg.com/vi/ZSkX2X-ZUWc/hqdefault.jpg?sqp=-oaymwEcCNACELwBSFXyq4qpAw4IARUAAIhCGAFwAcABBg==&rs=AOn4CLCgkLgEAP1wI1q1jghaesLpwAFwEA
wxYpv-H_7nk,Lessons from TikTok: Why micro-lessons are changing everything,https://www.youtube.com/watch?v=wxYpv-H_7nk,,2214.0,,,https://i.ytimg.com/vi/wxYpv-H_7nk/hqdefault.jpg?sqp=-oaymwEcCNACELwBSFXyq4qpAw4IARUAAIhCGAFwAcABBg==&rs=AOn4CLAQTYf9Ze7zR-qn9ibn9btwzmVIXA
X7FvUAC_DBc,Removing Risk When Developing Your Digital Product,https://www.youtube.com/watch?v=X7FvUAC_DBc,,2566.0,,,https://i.ytimg.com/vi/X7FvUAC_DBc/hqdefault.jpg?sqp=-oaymwEcCNACELwBSFXyq4qpAw4IARUAAIhCGAFwAcABBg==&rs=AOn4CLCVulcJWBMjNTT5_P--gqRlcfjvog
OhLRBk9wz3w,The Metaverse: NOW,https://www.youtube.com/watch?v=OhLRBk9wz3w,,3599.0,,,https://i.ytimg.com/vi/OhLRBk9wz3w/hqdefault.jpg?sqp=-oaymwEcCNACELwBSFXyq4qpAw4IARUAAIhCGAFwAcABBg==&rs=AOn4CLDW43mKk1lOQb6Yp6ax0DApjeM8zA
_N1RAcjPNZw,How to build an award-winning product without raising venture capital,https://www.youtube.com/watch?v=_N1RAcjPNZw,,3264.0,,,https://i.ytimg.com/vi/_N1RAcjPNZw/hqdefault.jpg?sqp=-oaymwEcCNACELwBSFXyq4qpAw4IARUAAIhCGAFwAcABBg==&rs=AOn4CLCUD2HGR1azp5gzarziway61b_KCw
uc3FxTisWfw,Developing an Equitable Startup Ecosystem,https://www.youtube.com/watch?v=uc3FxTisWfw,,2628.0,,,https://i.ytimg.com/vi/uc3FxTisWfw/hqdefault.jpg?sqp=-oaymwEcCNACELwBSFXyq4qpAw4IARUAAIhCGAFwAcABBg==&rs=AOn4CLD2KXOSD3JehSR40EFvLMGeXqEaQw
K8Ltc9BzuZY,Designing Your DEI Culture to Attract Top Talent!,https://www.youtube.com/watch?v=K8Ltc9BzuZY,,3282.0,,,https://i.ytimg.com/vi/K8Ltc9BzuZY/hqdefault.jpg?sqp=-oaymwEcCNACELwBSFXyq4qpAw4IARUAAIhCGAFwAcABBg==&rs=AOn4CLDzY2yG2-aZx6aRrFzRBy_UD58hgg
MMi90tcouNY,Zero to One with Mobile: What You Need to Know Before Bringing Your First Mobile App to Market,https://www.youtube.com/watch?v=MMi90tcouNY,,3278.0,,,https://i.ytimg.com/vi/MMi90tcouNY/hqdefault.jpg?sqp=-oaymwEcCNACELwBSFXyq4qpAw4IARUAAIhCGAFwAcABBg==&rs=AOn4CLCtgccsgLd201njSR0WS47AYhJApw
MeWS5T6Oh-8,"Getting Past ""Imposter Syndrome""",https://www.youtube.com/watch?v=MeWS5T6Oh-8,,2373.0,,,https://i.ytimg.com/vi/MeWS5T6Oh-8/hqdefault.jpg?sqp=-oaymwEcCNACELwBSFXyq4qpAw4IARUAAIhCGAFwAcABBg==&rs=AOn4CLCqayPqC6xLhMjFgxg4CU71LTohXw
hzB02-RTC0A,"How to Take Fortune 500 S&M Strategies, Scale Them to Your Business to Achieve the Same Results",https://www.youtube.com/watch?v=hzB02-RTC0A,,2371.0,,,https://i.ytimg.com/vi/hzB02-RTC0A/hqdefault.jpg?sqp=-oaymwEcCNACELwBSFXyq4qpAw4IARUAAIhCGAFwAcABBg==&rs=AOn4CLDI8q816Jw-7j1x53-K_El269U7bg
fq2FKan-_YE,Courageous Conversations: Common Mistakes and Uncommon Strategies,https://www.youtube.com/watch?v=fq2FKan-_YE,,2521.0,,,https://i.ytimg.com/vi/fq2FKan-_YE/hqdefault.jpg?sqp=-oaymwEcCNACELwBSFXyq4qpAw4IARUAAIhCGAFwAcABBg==&rs=AOn4CLAamqgI1LGLELjOmd876bCQn1XDrg
y-xISt1prNQ,Amplify - Our Collective Stories,https://www.youtube.com/watch?v=y-xISt1prNQ,,3705.0,,,https://i.ytimg.com/vi/y-xISt1prNQ/hqdefault.jpg?sqp=-oaymwEcCNACELwBSFXyq4qpAw4IARUAAIhCGAFwAcABBg==&rs=AOn4CLD29ksO0swcJDxJTzf4Ipo16fo0hg
s-ngT4nbc3Y,A conversation with Felecia Hatcher presented by Knight Foundation,https://www.youtube.com/watch?v=s-ngT4nbc3Y,,3438.0,,,https://i.ytimg.com/vi/s-ngT4nbc3Y/hqdefault.jpg?sqp=-oaymwEcCNACELwBSFXyq4qpAw4IARUAAIhCGAFwAcABBg==&rs=AOn4CLBW25x4Gxvw4bOzA03JmeCDD-NU8g
sWibxJDNFEU,How to pitch the Fortune 500,https://www.youtube.com/watch?v=sWibxJDNFEU,,3674.0,,,https://i.ytimg.com/vi/sWibxJDNFEU/hqdefault.jpg?sqp=-oaymwEcCNACELwBSFXyq4qpAw4IARUAAIhCGAFwAcABBg==&rs=AOn4CLBcyc-QRjmCrHkrXCtaQZ-6k4z3lA
MA21GqEH0qY,How to Strike the Perfect Pitch,https://www.youtube.com/watch?v=MA21GqEH0qY,,3734.0,,,https://i.ytimg.com/vi/MA21GqEH0qY/hqdefault.jpg?sqp=-oaymwEcCNACELwBSFXyq4qpAw4IARUAAIhCGAFwAcABBg==&rs=AOn4CLAWeZAa2DlGdtkOoRzeCKjYIzc0pw
KuVJNq5srGU,Best Practices for Scaling a Culture of DI&B: Convo with Beta.mn and HubSpot,https://www.youtube.com/watch?v=KuVJNq5srGU,,3707.0,,,https://i.ytimg.com/vi/KuVJNq5srGU/hqdefault.jpg?sqp=-oaymwEcCNACELwBSFXyq4qpAw4IARUAAIhCGAFwAcABBg==&rs=AOn4CLBCmykvDA_u-aGzlHVRIOxp8SKNCw
Jnj74KsySZo,Raising The F*cking Bar: Unlocking Explosive Growth at Ovative,https://www.youtube.com/watch?v=Jnj74KsySZo,,2474.0,,,https://i.ytimg.com/vi/Jnj74KsySZo/hqdefault.jpg?sqp=-oaymwEcCNACELwBSFXyq4qpAw4IARUAAIhCGAFwAcABBg==&rs=AOn4CLAxPRVC12CV9adtI1CpOrV1_l9Ehg
7GFC07gr4c8,Raising The F*cking Bar with EMR: Creating a Marketing Metric That Actually Works,https://www.youtube.com/watch?v=7GFC07gr4c8,,2015.0,,,https://i.ytimg.com/vi/7GFC07gr4c8/hqdefault.jpg?sqp=-oaymwEcCNACELwBSFXyq4qpAw4IARUAAIhCGAFwAcABBg==&rs=AOn4CLByY2MMlVegEx5TSgdu67yHsTcBCw
PMB8ld8qkdw,The Real Pitch: Live Feedback from Real Investors,https://www.youtube.com/watch?v=PMB8ld8qkdw,,3000.0,,,https://i.ytimg.com/vi/PMB8ld8qkdw/hqdefault.jpg?sqp=-oaymwEcCNACELwBSFXyq4qpAw4IARUAAIhCGAFwAcABBg==&rs=AOn4CLDGJTbxk6H0QLRLU22Ykmu2hC0U6g
Yk7VMPaqmsw,Ask a VC Anything,https://www.youtube.com/watch?v=Yk7VMPaqmsw,,2879.0,,,https://i.ytimg.com/vi/Yk7VMPaqmsw/hqdefault.jpg?sqp=-oaymwEcCNACELwBSFXyq4qpAw4IARUAAIhCGAFwAcABBg==&rs=AOn4CLCPHzGcUpUyT1Pk8lzgM-79jn4-Qg
9fyS7OVTeW8,Marketing for Founders - From Concept to Funding to Scale,https://www.youtube.com/watch?v=9fyS7OVTeW8,,2155.0,,,https://i.ytimg.com/vi/9fyS7OVTeW8/hqdefault.jpg?sqp=-oaymwEcCNACELwBSFXyq4qpAw4IARUAAIhCGAFwAcABBg==&rs=AOn4CLCgcRgnvqGtSdtYvCm2C6il40rw5A
P26cPrNPhDU,How to Supercharge Customer Acquisition & Boost Employee Engagement with Crypto Loyalty,https://www.youtube.com/watch?v=P26cPrNPhDU,,1963.0,,,https://i.ytimg.com/vi/P26cPrNPhDU/hqdefault.jpg?sqp=-oaymwEcCNACELwBSFXyq4qpAw4IARUAAIhCGAFwAcABBg==&rs=AOn4CLCMLPLodWG2zsYz8xB_yqxo6tB6Ug
_Ehk12rFb-k,How to get your first investment,https://www.youtube.com/watch?v=_Ehk12rFb-k,,3287.0,,,https://i.ytimg.com/vi/_Ehk12rFb-k/hqdefault.jpg?sqp=-oaymwEcCNACELwBSFXyq4qpAw4IARUAAIhCGAFwAcABBg==&rs=AOn4CLDGkcnQ7kGDNzTM5ZNIvmy5Nt3Oqg
Y6BZ9UzFbX4,Building A Bigger Table: Philanthropy’s Role In Making Space for Underrepresented Fund Managers,https://www.youtube.com/watch?v=Y6BZ9UzFbX4,,2781.0,,,https://i.ytimg.com/vi/Y6BZ9UzFbX4/hqdefault.jpg?sqp=-oaymwEcCNACELwBSFXyq4qpAw4IARUAAIhCGAFwAcABBg==&rs=AOn4CLBnO-v9f6DI9O6WmzcC8JSE9gc6kg
MT3N34reDNs,Accelerating growth: How philanthropy fuels startup success,https://www.youtube.com/watch?v=MT3N34reDNs,,3474.0,,,https://i.ytimg.com/vi/MT3N34reDNs/hqdefault.jpg?sqp=-oaymwEcCNACELwBSFXyq4qpAw4IARUAAIhCGAFwAcABBg==&rs=AOn4CLAcQ84Ry-DcDnj0HJYaO3wGJBk28A
U0vMU6KbXfM,Why Creatives are the Future Tech Giants,https://www.youtube.com/watch?v=U0vMU6KbXfM,,2821.0,,,https://i.ytimg.com/vi/U0vMU6KbXfM/hqdefault.jpg?sqp=-oaymwEcCNACELwBSFXyq4qpAw4IARUAAIhCGAFwAcABBg==&rs=AOn4CLCtYHt21olDcaHfJw3xFy3hWNNvfw
eXz6nlWdUwk,Reconsidering How to Keep Teachers in the Field,https://www.youtube.com/watch?v=eXz6nlWdUwk,,1511.0,,,https://i.ytimg.com/vi/eXz6nlWdUwk/hqdefault.jpg?sqp=-oaymwEcCNACELwBSFXyq4qpAw4IARUAAIhCGAFwAcABBg==&rs=AOn4CLC68be187H8Pvo8ckFWa_vXAq3FKw
k4iYLBCvFOA,Are reviews (social proof) the most important growth driver? BETA program study results.,https://www.youtube.com/watch?v=k4iYLBCvFOA,,1194.0,,,https://i.ytimg.com/vi/k4iYLBCvFOA/hqdefault.jpg?sqp=-oaymwEcCNACELwBSFXyq4qpAw4IARUAAIhCGAFwAcABBg==&rs=AOn4CLBIhQgxF8UF0V9OYUNY7Ti1EH_F6g
iJRsRcuMtCk,The Seeds of a Thriving Community,https://www.youtube.com/watch?v=iJRsRcuMtCk,,1216.0,,,https://i.ytimg.com/vi/iJRsRcuMtCk/hqdefault.jpg?sqp=-oaymwE2CNACELwBSFXyq4qpAygIARUAAIhCGAFwAcABBvABAfgB_gmAAsoFigIMCAAQARhEIEEofzAP&rs=AOn4CLDnhydP21KqH1tqZASSWZ8XXRuqlw
BANu0cAdlME,Youth Lens 360 Presentation: The Impact of the Twin Cities Startup Week Fly-In Program,https://www.youtube.com/watch?v=BANu0cAdlME,,637.0,,,https://i.ytimg.com/vi/BANu0cAdlME/hqdefault.jpg?sqp=-oaymwE2CNACELwBSFXyq4qpAygIARUAAIhCGAFwAcABBvABAfgB_gmAArYFigIMCAAQARhlIGUoZTAP&rs=AOn4CLD1Ca-yGGM1UX--s-nTNFtj-JnD1w
ZMFDb8_amzY,The Impact of the Twin Cities Startup Week Fly-In Program,https://www.youtube.com/watch?v=ZMFDb8_amzY,,290.0,,,https://i.ytimg.com/vi/ZMFDb8_amzY/hqdefault.jpg?sqp=-oaymwE2CNACELwBSFXyq4qpAygIARUAAIhCGAFwAcABBvABAfgB_gmAAtAFigIMCAAQARhlIFEoSzAP&rs=AOn4CLD3pT-w6auHjqXK1pAz29JEyvHhOA
gvCBdjtVxgs,Twin Cities Startup Week 2022 Info Session,https://www.youtube.com/watch?v=gvCBdjtVxgs,,2825.0,,,https://i.ytimg.com/vi/gvCBdjtVxgs/hqdefault.jpg?sqp=-oaymwE2CNACELwBSFXyq4qpAygIARUAAIhCGAFwAcABBvABAfgBlgiAAtAFigIMCAAQARg5IF4oZTAP&rs=AOn4CLB3IYXUDnFRTJIPQwMvv_66ZQSn1g
A-KGeIOamMc,A Side Hustle,https://www.youtube.com/watch?v=A-KGeIOamMc,,3551.0,,,https://i.ytimg.com/vi/A-KGeIOamMc/hqdefault.jpg?sqp=-oaymwEcCNACELwBSFXyq4qpAw4IARUAAIhCGAFwAcABBg==&rs=AOn4CLCD8agtZgcQBrJXY2WVoWjdXaKH-A
dTRPgBx_DR0,Business Essentials for Startups,https://www.youtube.com/watch?v=dTRPgBx_DR0,,5216.0,,,https://i.ytimg.com/vi/dTRPgBx_DR0/hqdefault.jpg?sqp=-oaymwEcCNACELwBSFXyq4qpAw4IARUAAIhCGAFwAcABBg==&rs=AOn4CLByXTuZCYFkwx_51K2jwKF3jj0bLQ
Ezgg-RJV9dU,How to build a CPG Brand?,https://www.youtube.com/watch?v=Ezgg-RJV9dU,,3377.0,,,https://i.ytimg.com/vi/Ezgg-RJV9dU/hqdefault.jpg?sqp=-oaymwE2CNACELwBSFXyq4qpAygIARUAAIhCGAFwAcABBvABAfgB1AaAAuADigIMCAAQARh_IEEoJzAP&rs=AOn4CLBDROjkyYceg0yk-bFCzeKk9z0mdQ
N5Kr9B6XRWk,The 2 Keys to Successfully Marketing your Business,https://www.youtube.com/watch?v=N5Kr9B6XRWk,,3869.0,,,https://i.ytimg.com/vi/N5Kr9B6XRWk/hqdefault.jpg?sqp=-oaymwE2CNACELwBSFXyq4qpAygIARUAAIhCGAFwAcABBvABAfgB1AaAAuADigIMCAAQARhyIFMoMTAP&rs=AOn4CLA6jRph6JGbNm617-LuFLLb5PsatQ
R1Bp-Aqqyic,Early EdTech Founders Panel,https://www.youtube.com/watch?v=R1Bp-Aqqyic,,2463.0,,,https://i.ytimg.com/vi/R1Bp-Aqqyic/hqdefault.jpg?sqp=-oaymwE2CNACELwBSFXyq4qpAygIARUAAIhCGAFwAcABBvABAfgB1AaAAuADigIMCAAQARhyIFUoNzAP&rs=AOn4CLDSgYhQer6Bi0wS_ziFouWMcx7Mkw
FiGgcd2k6X4,Too Many Children Left Behind: Improving Equity in Education through Innovation,https://www.youtube.com/watch?v=FiGgcd2k6X4,,2909.0,,,https://i.ytimg.com/vi/FiGgcd2k6X4/hqdefault.jpg?sqp=-oaymwE2CNACELwBSFXyq4qpAygIARUAAIhCGAFwAcABBvABAfgB1AaAAuADigIMCAAQARhlIFYoQDAP&rs=AOn4CLBjWD7PVO2S_tYgzZ_FrOWzpsNzSg
vWDjrdSqcEc,Getting Technical About the Challenges of Ensuring Everyone Has Access to STEM Programming,https://www.youtube.com/watch?v=vWDjrdSqcEc,,2849.0,,,https://i.ytimg.com/vi/vWDjrdSqcEc/hqdefault.jpg?sqp=-oaymwE2CNACELwBSFXyq4qpAygIARUAAIhCGAFwAcABBvABAfgB1AaAAuADigIMCAAQARhRIFgoZTAP&rs=AOn4CLD58cA7ewdY-RJQK-pFqKq00U4KGw
hgbQtI_bKKc,OnRamp Education & Workforce Innovation Accelerator Premiere,https://www.youtube.com/watch?v=hgbQtI_bKKc,,3016.0,,,https://i.ytimg.com/vi/hgbQtI_bKKc/hqdefault.jpg?sqp=-oaymwE2CNACELwBSFXyq4qpAygIARUAAIhCGAFwAcABBvABAfgB1AaAAuADigIMCAAQARhlIGUoZTAP&rs=AOn4CLDZHD179ZnOhTiRNY691a0Poyliag
TIepIsBV7DA,Preparing Your Startup For Fundraising,https://www.youtube.com/watch?v=TIepIsBV7DA,,2768.0,,,https://i.ytimg.com/vi/TIepIsBV7DA/hqdefault.jpg?sqp=-oaymwE2CNACELwBSFXyq4qpAygIARUAAIhCGAFwAcABBvABAfgB1AaAAuADigIMCAAQARhyIEYoMTAP&rs=AOn4CLBQt8zPKNimfWuJI4a34fgaGX-Fnw
BTsYMyZr4Lc,EdTech Startup Guide published by AWS,https://www.youtube.com/watch?v=BTsYMyZr4Lc,,2862.0,,,https://i.ytimg.com/vi/BTsYMyZr4Lc/hqdefault.jpg?sqp=-oaymwE2CNACELwBSFXyq4qpAygIARUAAIhCGAFwAcABBvABAfgB1AaAAuADigIMCAAQARhyIEkoNjAP&rs=AOn4CLBQvqvVbwq6WXvWw7XitAqJTu32Aw
NqKrdPlXy4E,Managing Fast paced Growth for Emerging EdTech Companies,https://www.youtube.com/watch?v=NqKrdPlXy4E,,2654.0,,,https://i.ytimg.com/vi/NqKrdPlXy4E/hqdefault.jpg?sqp=-oaymwE2CNACELwBSFXyq4qpAygIARUAAIhCGAFwAcABBvABAfgB1AaAAuADigIMCAAQARhyIFcoNDAP&rs=AOn4CLDI2s_Oz3GxjmHabKqczWOT4WzVLA
SG1ZHIiNesg,Be the Change: Youth Workforce Development through Social Entrepreneurship,https://www.youtube.com/watch?v=SG1ZHIiNesg,,1830.0,,,https://i.ytimg.com/vi/SG1ZHIiNesg/hqdefault.jpg?sqp=-oaymwE2CNACELwBSFXyq4qpAygIARUAAIhCGAFwAcABBvABAfgB1AaAAuADigIMCAAQARhyIFcoODAP&rs=AOn4CLBoXwqiwEnamzCifXCdNg_M4XqTRQ
KJwPZ7I3lMU,Startup Success For Non Technical Founders,https://www.youtube.com/watch?v=KJwPZ7I3lMU,,3453.0,,,https://i.ytimg.com/vi/KJwPZ7I3lMU/hqdefault.jpg?sqp=-oaymwEcCNACELwBSFXyq4qpAw4IARUAAIhCGAFwAcABBg==&rs=AOn4CLBmzMGVwZFYit3RqKjzKZoEAkh3Bg
cHHR--qu_lw,"Your Body's Energies: A Missing Piece in Your Wellness Toolkit? (and why it's not all ""woo-woo"")",https://www.youtube.com/watch?v=cHHR--qu_lw,,3865.0,,,https://i.ytimg.com/vi/cHHR--qu_lw/hqdefault.jpg?sqp=-oaymwEcCNACELwBSFXyq4qpAw4IARUAAIhCGAFwAcABBg==&rs=AOn4CLD5ua3Vkl1N6XAuW5-C8ovr6NmhtQ
BL6xVYrUwho,How is the MN Startup Market Perceived by Out of State VCs?,https://www.youtube.com/watch?v=BL6xVYrUwho,,2452.0,,,https://i.ytimg.com/vi/BL6xVYrUwho/hqdefault.jpg?sqp=-oaymwE2CNACELwBSFXyq4qpAygIARUAAIhCGAFwAcABBvABAfgB1AaAAuADigIMCAAQARhlIFUoRDAP&rs=AOn4CLAkMdt_JLJDwRFMRzngpkV86QFvLw
aQVEEun7q6s,"Rethinking ""Best Practices""",https://www.youtube.com/watch?v=aQVEEun7q6s,,3157.0,,,https://i.ytimg.com/vi/aQVEEun7q6s/hqdefault.jpg?sqp=-oaymwE2CNACELwBSFXyq4qpAygIARUAAIhCGAFwAcABBvABAfgB1AaAAuADigIMCAAQARhyIE4oPTAP&rs=AOn4CLCx4EIbNHadX_2A0KkzBMKm0BahBA
v-U2vr_9aLk,Your Strategic Playbook for Growth & Execution,https://www.youtube.com/watch?v=v-U2vr_9aLk,,3535.0,,,https://i.ytimg.com/vi/v-U2vr_9aLk/hqdefault.jpg?sqp=-oaymwE2CNACELwBSFXyq4qpAygIARUAAIhCGAFwAcABBvABAfgB1AaAAuADigIMCAAQARhyIFAoPTAP&rs=AOn4CLDWYVuhH__TSPSX4G8-XH7Vuft0vA
PubzLE8FXV4,Understanding Your Startup Non-dilutive Funding Options,https://www.youtube.com/watch?v=PubzLE8FXV4,,2377.0,,,https://i.ytimg.com/vi/PubzLE8FXV4/hqdefault.jpg?sqp=-oaymwE2CNACELwBSFXyq4qpAygIARUAAIhCGAFwAcABBvABAfgB1AaAAuADigIMCAAQARhlIGUoZTAP&rs=AOn4CLD2h_usaaUMqbGC2QuuiNvsK97mvw
SaIT3wkD_oM,Come Meditate! A mindfulness Break,https://www.youtube.com/watch?v=SaIT3wkD_oM,,965.0,,,https://i.ytimg.com/vi/SaIT3wkD_oM/hqdefault.jpg?sqp=-oaymwE2CNACELwBSFXyq4qpAygIARUAAIhCGAFwAcABBvABAfgB1AaAAuADigIMCAAQARhyIFMoQDAP&rs=AOn4CLC4tK8QqWbErz81rMHu4oWZe1H4ag
FtlSj3HBLzU,Leverage Your Success,https://www.youtube.com/watch?v=FtlSj3HBLzU,,3279.0,,,https://i.ytimg.com/vi/FtlSj3HBLzU/hqdefault.jpg?sqp=-oaymwEcCNACELwBSFXyq4qpAw4IARUAAIhCGAFwAcABBg==&rs=AOn4CLDZgTKqO3Evs_u69CLxgv-sIYJobQ
akAEnH51bqY,Three Strategies for Building a Consultancy That Matters,https://www.youtube.com/watch?v=akAEnH51bqY,,3552.0,,,https://i.ytimg.com/vi/akAEnH51bqY/hqdefault.jpg?sqp=-oaymwEcCNACELwBSFXyq4qpAw4IARUAAIhCGAFwAcABBg==&rs=AOn4CLCFvLmsvIcQwQ68nRVfToE3rf2VXg
NC1q5c5wW5I,Overcoming Burnout with Mindful Productivity for Entrepreneurs,https://www.youtube.com/watch?v=NC1q5c5wW5I,,3523.0,,,https://i.ytimg.com/vi/NC1q5c5wW5I/hqdefault.jpg?sqp=-oaymwEcCNACELwBSFXyq4qpAw4IARUAAIhCGAFwAcABBg==&rs=AOn4CLDgy8puUUXGWdmZH_Hd_q2Qojokrw
_qlTDhp9P9E,Among Us: Imposter Syndrome,https://www.youtube.com/watch?v=_qlTDhp9P9E,,1407.0,,,https://i.ytimg.com/vi/_qlTDhp9P9E/hqdefault.jpg?sqp=-oaymwEcCNACELwBSFXyq4qpAw4IARUAAIhCGAFwAcABBg==&rs=AOn4CLDuodfjtbJTLq4g__P3Jm7GEc25zw
x6WszAE9AK4,Double Your Sales: How to Build a Growth Roadmap that Works,https://www.youtube.com/watch?v=x6WszAE9AK4,,2349.0,,,https://i.ytimg.com/vi/x6WszAE9AK4/hqdefault.jpg?sqp=-oaymwEcCNACELwBSFXyq4qpAw4IARUAAIhCGAFwAcABBg==&rs=AOn4CLCh2sM-dkUh-DIbJsD69FjNhgxI-w
FVahmOryFS0,Fundraising AMA w/ VC,https://www.youtube.com/watch?v=FVahmOryFS0,,2645.0,,,https://i.ytimg.com/vi/FVahmOryFS0/hqdefault.jpg?sqp=-oaymwEcCNACELwBSFXyq4qpAw4IARUAAIhCGAFwAcABBg==&rs=AOn4CLD_LV-vljG08KW5TDJagsc8U7zgtg
xs8NjGheP5w,Non-Dilutive Federal Funding for Novel Early Stage R&D Projects,https://www.youtube.com/watch?v=xs8NjGheP5w,,2558.0,,,https://i.ytimg.com/vi/xs8NjGheP5w/hqdefault.jpg?sqp=-oaymwEcCNACELwBSFXyq4qpAw4IARUAAIhCGAFwAcABBg==&rs=AOn4CLBXnMAZtMQEGxMHlKzlrBXR2Wrn0g
Ks7_HJQLuAo,Bookkeeping Basics,https://www.youtube.com/watch?v=Ks7_HJQLuAo,,2914.0,,,https://i.ytimg.com/vi/Ks7_HJQLuAo/hqdefault.jpg?sqp=-oaymwEcCNACELwBSFXyq4qpAw4IARUAAIhCGAFwAcABBg==&rs=AOn4CLAHMHBksDBDYlApzrhqcLAG7XLphQ
Ot6lrhkdcIk,Shark Tank Reverse Pitch,https://www.youtube.com/watch?v=Ot6lrhkdcIk,,4765.0,,,https://i.ytimg.com/vi/Ot6lrhkdcIk/hqdefault.jpg?sqp=-oaymwE2CNACELwBSFXyq4qpAygIARUAAIhCGAFwAcABBvABAfgB1AaAAuADigIMCAAQARhyIFooNTAP&rs=AOn4CLCdAwK58HsQc21Qu62V15qvgTfKIQ
flPdb7DPTtk,The Re emergence of Place-based Entrepreneurship,https://www.youtube.com/watch?v=flPdb7DPTtk,,2487.0,,,https://i.ytimg.com/vi/flPdb7DPTtk/hqdefault.jpg?sqp=-oaymwE2CNACELwBSFXyq4qpAygIARUAAIhCGAFwAcABBvABAfgB1AaAAuADigIMCAAQARhyIFsoMzAP&rs=AOn4CLB_NBlNuHTG-_pJotz95WXCYis0BA
7o2R2bAbrQE,Investing in Our Collective Futures,https://www.youtube.com/watch?v=7o2R2bAbrQE,,2810.0,,,https://i.ytimg.com/vi/7o2R2bAbrQE/hqdefault.jpg?sqp=-oaymwE2CNACELwBSFXyq4qpAygIARUAAIhCGAFwAcABBvABAfgB1AaAAuADigIMCAAQARhyIFYoMDAP&rs=AOn4CLAmzMv5dnYr5Q7vzMfjTWRYcPNwAg
AVWy-eM2Zqw,Bringing the Future Forward Fast!,https://www.youtube.com/watch?v=AVWy-eM2Zqw,,2581.0,,,https://i.ytimg.com/vi/AVWy-eM2Zqw/hqdefault.jpg?sqp=-oaymwE2CNACELwBSFXyq4qpAygIARUAAIhCGAFwAcABBvABAfgB1AaAAuADigIMCAAQARhyIF8oOzAP&rs=AOn4CLCJ7xJiAZ_7ClqpMsn0A2QeGyHGeg
MVJYUsJJRss,Tackling the Affordable Housing Crisis Through a New Investment Strategy,https://www.youtube.com/watch?v=MVJYUsJJRss,,2465.0,,,https://i.ytimg.com/vi/MVJYUsJJRss/hqdefault.jpg?sqp=-oaymwE2CNACELwBSFXyq4qpAygIARUAAIhCGAFwAcABBvABAfgB1AaAAuADigIMCAAQARhyIFcoMDAP&rs=AOn4CLAFCN3PzJAAWzjFU-i2C_Umti3hzw
6lPi9XsXbc8,Digital Equity -  The Next Great Equalizer,https://www.youtube.com/watch?v=6lPi9XsXbc8,,2794.0,,,https://i.ytimg.com/vi/6lPi9XsXbc8/hqdefault.jpg?sqp=-oaymwE2CNACELwBSFXyq4qpAygIARUAAIhCGAFwAcABBvABAfgB1AaAAuADigIMCAAQARhyIFcoLjAP&rs=AOn4CLASUduSTnZv6UHYRbCV6TDlhUr0pA
uaJzwx3tDho,What's your Blueprint for becoming Future Ready?,https://www.youtube.com/watch?v=uaJzwx3tDho,,1544.0,,,https://i.ytimg.com/vi/uaJzwx3tDho/hqdefault.jpg?sqp=-oaymwE2CNACELwBSFXyq4qpAygIARUAAIhCGAFwAcABBvABAfgB1AaAAuADigIMCAAQARhyIFooOTAP&rs=AOn4CLB6hzcDjmJEXVsx8aPBR9Vu6ISIqQ
6BzqsKXDK40,Reimagining Our Cities in the Post-Pandemic World,https://www.youtube.com/watch?v=6BzqsKXDK40,,2271.0,,,https://i.ytimg.com/vi/6BzqsKXDK40/hqdefault.jpg?sqp=-oaymwE2CNACELwBSFXyq4qpAygIARUAAIhCGAFwAcABBvABAfgB1AaAAuADigIMCAAQARhyIFkoNTAP&rs=AOn4CLBRpiWgqk_9yN3c0xvFH7FJX0L9Cw
rvR7O_iP5RI,Transforming Livability and Equity Through Technology,https://www.youtube.com/watch?v=rvR7O_iP5RI,,2266.0,,,https://i.ytimg.com/vi/rvR7O_iP5RI/hqdefault.jpg?sqp=-oaymwE2CNACELwBSFXyq4qpAygIARUAAIhCGAFwAcABBvABAfgB1AaAAuADigIMCAAQARhyIFwoNzAP&rs=AOn4CLBvBw8TOMYqzGp2Q9eutN9_mWQ-nQ
kjtScgLvkyM,How Experimentation in a Consumer Business Improves Both Business and Customer Outcomes,https://www.youtube.com/watch?v=kjtScgLvkyM,,2425.0,,,https://i.ytimg.com/vi/kjtScgLvkyM/hqdefault.jpg?sqp=-oaymwEcCNACELwBSFXyq4qpAw4IARUAAIhCGAFwAcABBg==&rs=AOn4CLASvXmyEEijoPPtq0qnaJMxl3BBaA
qcwFizHMV4Y,Kotlin Multiplatform Mobile: Real World Lessons Learned,https://www.youtube.com/watch?v=qcwFizHMV4Y,,3395.0,,,https://i.ytimg.com/vi/qcwFizHMV4Y/hqdefault.jpg?sqp=-oaymwEcCNACELwBSFXyq4qpAw4IARUAAIhCGAFwAcABBg==&rs=AOn4CLAyDJfgZEZN9nivX7FdpbqkXOaE-Q
loW1K6tS4y8,Tips For Hiring Developers and Designers in 2021,https://www.youtube.com/watch?v=loW1K6tS4y8,,3289.0,,,https://i.ytimg.com/vi/loW1K6tS4y8/hqdefault.jpg?sqp=-oaymwEcCNACELwBSFXyq4qpAw4IARUAAIhCGAFwAcABBg==&rs=AOn4CLCCDIvy1VYRguzVNscmCkkSDJDVDw
DcEpX6__ohE,Becoming a Waymaker: Level Up Your Self-Awareness,https://www.youtube.com/watch?v=DcEpX6__ohE,,3121.0,,,https://i.ytimg.com/vi/DcEpX6__ohE/hqdefault.jpg?sqp=-oaymwEcCNACELwBSFXyq4qpAw4IARUAAIhCGAFwAcABBg==&rs=AOn4CLBn_4kTAgyL4vZhB0463ppbwRlzzw
gSiQrDsFW4w,"Don’t Have a Plan, Build a Strategy: How to Recognize and Prioritize Marketing Opportunities",https://www.youtube.com/watch?v=gSiQrDsFW4w,,2436.0,,,https://i.ytimg.com/vi/gSiQrDsFW4w/hqdefault.jpg?sqp=-oaymwEcCNACELwBSFXyq4qpAw4IARUAAIhCGAFwAcABBg==&rs=AOn4CLA0WV6wok2ADZTHqQVuQNxyNvIIlQ
hrvcAp7E1OM,Inspiring Young Women for a Future Role in Your Business,https://www.youtube.com/watch?v=hrvcAp7E1OM,,3100.0,,,https://i.ytimg.com/vi/hrvcAp7E1OM/hqdefault.jpg?sqp=-oaymwEcCNACELwBSFXyq4qpAw4IARUAAIhCGAFwAcABBg==&rs=AOn4CLCGMMP7iIEgXMhKX-hlIGfIwkiNIQ
5S2Beow6P4Y,Taking the First Step with Tech,https://www.youtube.com/watch?v=5S2Beow6P4Y,,2686.0,,,https://i.ytimg.com/vi/5S2Beow6P4Y/hqdefault.jpg?sqp=-oaymwEcCNACELwBSFXyq4qpAw4IARUAAIhCGAFwAcABBg==&rs=AOn4CLAowkpF-u14NOIFQE8z31SLlGGf2g
H8r162zymzo,"Using No Code Tools to Launch Faster, Save Money, and Streamline Your Startup",https://www.youtube.com/watch?v=H8r162zymzo,,3989.0,,,https://i.ytimg.com/vi/H8r162zymzo/hqdefault.jpg?sqp=-oaymwEcCNACELwBSFXyq4qpAw4IARUAAIhCGAFwAcABBg==&rs=AOn4CLAHGWmTOLOcE6ZRxK9BSBg-clt5Eg
3TxJmzs6sqI,Restaurant Tech For The Win and For The Future,https://www.youtube.com/watch?v=3TxJmzs6sqI,,1799.0,,,https://i.ytimg.com/vi/3TxJmzs6sqI/hqdefault.jpg?sqp=-oaymwEcCNACELwBSFXyq4qpAw4IARUAAIhCGAFwAcABBg==&rs=AOn4CLBkXbp4Oaf_CIZU_WD1gLsVfOYylQ
FtMLw975c_c,The Power of Community in Marketing,https://www.youtube.com/watch?v=FtMLw975c_c,,4196.0,,,https://i.ytimg.com/vi/FtMLw975c_c/hqdefault.jpg?sqp=-oaymwE2CNACELwBSFXyq4qpAygIARUAAIhCGAFwAcABBvABAfgB1AaAAuADigIMCAAQARhyIFkoMzAP&rs=AOn4CLDF7LCKK-vTi8HYUbGtSJUJWAnB4A
Rhm727khDYg,"Twin Cities Podcast Hosts UNPLUGGED, Part 2: Marketing",https://www.youtube.com/watch?v=Rhm727khDYg,,3222.0,,,https://i.ytimg.com/vi/Rhm727khDYg/hqdefault.jpg?sqp=-oaymwE2CNACELwBSFXyq4qpAygIARUAAIhCGAFwAcABBvABAfgB1AaAAuADigIMCAAQARhyIFooMDAP&rs=AOn4CLCWE_-T63CCv8cTqAofOrAXqxbuQQ
-miZ3FX5z_c,Stop Guessing Start Asking: Using Research to Drive Growth,https://www.youtube.com/watch?v=-miZ3FX5z_c,,3208.0,,,https://i.ytimg.com/vi/-miZ3FX5z_c/hqdefault.jpg?sqp=-oaymwE2CNACELwBSFXyq4qpAygIARUAAIhCGAFwAcABBvABAfgB1AaAAuADigIMCAAQARhyIEwoKTAP&rs=AOn4CLB4LeSLVvHx4K1okXVBd23gVEMpJQ
ugyOKccDjoE,Pitching Yourself and Your Company For Success,https://www.youtube.com/watch?v=ugyOKccDjoE,,3627.0,,,https://i.ytimg.com/vi/ugyOKccDjoE/hqdefault.jpg?sqp=-oaymwE2CNACELwBSFXyq4qpAygIARUAAIhCGAFwAcABBvABAfgB1AaAAuADigIMCAAQARhyIFcoMzAP&rs=AOn4CLCE96VbjMDa3vdO3Rquwda9DQSsiA
8CHQJ4Mkar4,"Twin Cities Podcast Hosts UNPLUGGED, Part 1: Sales",https://www.youtube.com/watch?v=8CHQJ4Mkar4,,3382.0,,,https://i.ytimg.com/vi/8CHQJ4Mkar4/hqdefault.jpg?sqp=-oaymwE2CNACELwBSFXyq4qpAygIARUAAIhCGAFwAcABBvABAfgB1AaAAuADigIMCAAQARhyIFwoNTAP&rs=AOn4CLAV_1AdGyus5uz0HK9hsLkedTxTlQ
XiEdMWZN8m4,MEDA Million Dollar Challenge Announcement,https://www.youtube.com/watch?v=XiEdMWZN8m4,,1171.0,,,https://i.ytimg.com/vi/XiEdMWZN8m4/hqdefault.jpg?sqp=-oaymwE2CNACELwBSFXyq4qpAygIARUAAIhCGAFwAcABBvABAfgB1AaAAuADigIMCAAQARhyIFYoOzAP&rs=AOn4CLArk833OHiWv9qhvvNK1U8wTeZrpQ
W17xBB97MXc,Building & Scaling Your Community,https://www.youtube.com/watch?v=W17xBB97MXc,,3749.0,,,https://i.ytimg.com/vi/W17xBB97MXc/hqdefault.jpg?sqp=-oaymwEcCNACELwBSFXyq4qpAw4IARUAAIhCGAFwAcABBg==&rs=AOn4CLCC_mdBZzvyNrDzJQ6URuZhUgO4yA
o2pFband1iI,Learn the Basics of Selling On Amazon.com,https://www.youtube.com/watch?v=o2pFband1iI,,7193.0,,,https://i.ytimg.com/vi/o2pFband1iI/hqdefault.jpg?sqp=-oaymwEcCNACELwBSFXyq4qpAw4IARUAAIhCGAFwAcABBg==&rs=AOn4CLAdVFzWv7CTXazPZzjMQvtP3edrBQ
677j1o0_ZpI,Program Related Investments (PRIs) in Healthcare,https://www.youtube.com/watch?v=677j1o0_ZpI,,3575.0,,,https://i.ytimg.com/vi/677j1o0_ZpI/hqdefault.jpg?sqp=-oaymwEcCNACELwBSFXyq4qpAw4IARUAAIhCGAFwAcABBg==&rs=AOn4CLCtnX8A_aeObhwGaUdHuJ5W-FQD2w
e4qQs902CDY,What’s Changed? Adjusting to Customer Needs in the New Normal,https://www.youtube.com/watch?v=e4qQs902CDY,,2317.0,,,https://i.ytimg.com/vi/e4qQs902CDY/hqdefault.jpg?sqp=-oaymwEcCNACELwBSFXyq4qpAw4IARUAAIhCGAFwAcABBg==&rs=AOn4CLDEp-pH0s65Gbo1wUQl5qkgMvlL-w
WI2U-iBjCLA,Making Peace w/ Non Violent Communication,https://www.youtube.com/watch?v=WI2U-iBjCLA,,2596.0,,,https://i.ytimg.com/vi/WI2U-iBjCLA/hqdefault.jpg?sqp=-oaymwEcCNACELwBSFXyq4qpAw4IARUAAIhCGAFwAcABBg==&rs=AOn4CLBbXQjkz4qQkCtRQ39hZtOiVBWlvw
DFUyzCGneFs,How to Wake Up Your B2B Content,https://www.youtube.com/watch?v=DFUyzCGneFs,,2463.0,,,https://i.ytimg.com/vi/DFUyzCGneFs/hqdefault.jpg?sqp=-oaymwEcCNACELwBSFXyq4qpAw4IARUAAIhCGAFwAcABBg==&rs=AOn4CLCzcJuWP6WHZ1HXUfII4LA6aJhbPw
8EOCCcgqJfY,Growing Your Business: Do I Raise Money to Fund my Startup? - Presented by Traction Capital,https://www.youtube.com/watch?v=8EOCCcgqJfY,,3398.0,,,https://i.ytimg.com/vi/8EOCCcgqJfY/hqdefault.jpg?sqp=-oaymwE2CNACELwBSFXyq4qpAygIARUAAIhCGAFwAcABBvABAfgB1AaAAuADigIMCAAQARhlIE8oVjAP&rs=AOn4CLCHWtkl6KKr3Sn3tVR1qf7sLTGD-Q
EtbWjd10CgE,To fund or not to fund…the founder’s dilemma from an investor perspective,https://www.youtube.com/watch?v=EtbWjd10CgE,,1989.0,,,https://i.ytimg.com/vi/EtbWjd10CgE/hqdefault.jpg?sqp=-oaymwE2CNACELwBSFXyq4qpAygIARUAAIhCGAFwAcABBvABAfgB1AaAAuADigIMCAAQARh_IEEoGzAP&rs=AOn4CLDJdsniA8uE7W-Ob0T1bTLZINf7gg
fG96W9swG6s,2021 MN Startup Awards,https://www.youtube.com/watch?v=fG96W9swG6s,,1741.0,,,https://i.ytimg.com/vi/fG96W9swG6s/hqdefault.jpg?sqp=-oaymwE2CNACELwBSFXyq4qpAygIARUAAIhCGAFwAcABBvABAfgB1AaAAuADigIMCAAQARhyIE0oMjAP&rs=AOn4CLBJuojhqXKzTh9R1KopJ2Iaz1h1eg
D_pnx-VnYJ8,Customer Obsession Creates Restaurant Resiliency,https://www.youtube.com/watch?v=D_pnx-VnYJ8,,1340.0,,,https://i.ytimg.com/vi/D_pnx-VnYJ8/hqdefault.jpg?sqp=-oaymwE2CNACELwBSFXyq4qpAygIARUAAIhCGAFwAcABBvABAfgB1AaAAuADigIMCAAQARh_IEEoIzAP&rs=AOn4CLBVTv0dd9Enlm8IFmyQ9S61u197nw
V3Uh7OTJOqw,The Real Pitch MN,https://www.youtube.com/watch?v=V3Uh7OTJOqw,,3508.0,,,https://i.ytimg.com/vi/V3Uh7OTJOqw/hqdefault.jpg?sqp=-oaymwE2CNACELwBSFXyq4qpAygIARUAAIhCGAFwAcABBvABAfgB1AaAAuADigIMCAAQARhyIEEoMzAP&rs=AOn4CLDI9-5GwyedwKAJaMBRUvtCnmZYZw
RNWhLxtFbIk,If You Build It Will They Come? How To Hire and Retain Your First Employees,https://www.youtube.com/watch?v=RNWhLxtFbIk,,2653.0,,,https://i.ytimg.com/vi/RNWhLxtFbIk/hqdefault.jpg?sqp=-oaymwE2CNACELwBSFXyq4qpAygIARUAAIhCGAFwAcABBvABAfgB1AaAAuADigIMCAAQARhlIFsoTTAP&rs=AOn4CLCrlV_cYBg5_8T36TrEoB-ib_WRhQ
ZNpLeh4amkA,Lessons from Black Tech Leaders,https://www.youtube.com/watch?v=ZNpLeh4amkA,,3543.0,,,https://i.ytimg.com/vi/ZNpLeh4amkA/hqdefault.jpg?sqp=-oaymwE2CNACELwBSFXyq4qpAygIARUAAIhCGAFwAcABBvABAfgB1AaAAuADigIMCAAQARhlIGIoUzAP&rs=AOn4CLBX09H5ulAumP_Jpr1FUEoffrm6Vw
59ziZHKtoig,State of Startup + Enterprise Partnerships in MSP,https://www.youtube.com/watch?v=59ziZHKtoig,,2688.0,,,https://i.ytimg.com/vi/59ziZHKtoig/hqdefault.jpg?sqp=-oaymwE2CNACELwBSFXyq4qpAygIARUAAIhCGAFwAcABBvABAfgB1AaAAuADigIMCAAQARh_IEQoKTAP&rs=AOn4CLB1s-WaXgtlm8uL7kZeG7fGqlr2sw
j3yM4mJsAvM,Do Well by Doing Good Making a Positive Impact in EdTech,https://www.youtube.com/watch?v=j3yM4mJsAvM,,2141.0,,,https://i.ytimg.com/vi/j3yM4mJsAvM/hqdefault.jpg?sqp=-oaymwE2CNACELwBSFXyq4qpAygIARUAAIhCGAFwAcABBvABAfgB1AaAAuADigIMCAAQARh_IBkoFzAP&rs=AOn4CLC6zNdKl47Xp8-Kx2aNeUBct3IoiQ
d_mnhOq1KbI,Your Marketing Should Pay for Itself: Optimizing for Conversion,https://www.youtube.com/watch?v=d_mnhOq1KbI,,3411.0,,,https://i.ytimg.com/vi/d_mnhOq1KbI/hqdefault.jpg?sqp=-oaymwEcCNACELwBSFXyq4qpAw4IARUAAIhCGAFwAcABBg==&rs=AOn4CLB3taQTJlcuhF642x-O7nKEYd8bYw
XHcHrcZdQpY,Future of Venture with Atland Ventures,https://www.youtube.com/watch?v=XHcHrcZdQpY,,3714.0,,,https://i.ytimg.com/vi/XHcHrcZdQpY/hqdefault.jpg?sqp=-oaymwEcCNACELwBSFXyq4qpAw4IARUAAIhCGAFwAcABBg==&rs=AOn4CLCU-ZfCNWQIJCgOTWGQoJ0eknueLw
4K_0Kg7MCL4,Growing your startup with Open Scout and AWS University Scout Program,https://www.youtube.com/watch?v=4K_0Kg7MCL4,,3200.0,,,https://i.ytimg.com/vi/4K_0Kg7MCL4/hqdefault.jpg?sqp=-oaymwEcCNACELwBSFXyq4qpAw4IARUAAIhCGAFwAcABBg==&rs=AOn4CLBPveLcHMSAQw_-3ZKrAbm1IqmH6A
HfV8l4RpoGI,Beyond the Core - The magic of product ecosystems,https://www.youtube.com/watch?v=HfV8l4RpoGI,,2991.0,,,https://i.ytimg.com/vi/HfV8l4RpoGI/hqdefault.jpg?sqp=-oaymwEcCNACELwBSFXyq4qpAw4IARUAAIhCGAFwAcABBg==&rs=AOn4CLCV3DSgXUFDoTYjiNIS1eAs84MfWA
END9HnuLIhQ,An Emotionally Intelligent Coach That Meditates With You,https://www.youtube.com/watch?v=END9HnuLIhQ,,2191.0,,,https://i.ytimg.com/vi/END9HnuLIhQ/hqdefault.jpg?sqp=-oaymwEcCNACELwBSFXyq4qpAw4IARUAAIhCGAFwAcABBg==&rs=AOn4CLDTdmDPPHGVwNEPV9vLwTWOHOFMxA
9yBX8HdcO-w,The Crucial Capability Every Entrepreneur Must Develop,https://www.youtube.com/watch?v=9yBX8HdcO-w,,2033.0,,,https://i.ytimg.com/vi/9yBX8HdcO-w/hqdefault.jpg?sqp=-oaymwEcCNACELwBSFXyq4qpAw4IARUAAIhCGAFwAcABBg==&rs=AOn4CLBLTKtqBjBTHv-QUXZv_Ny3KlGWLA
oEUBSSLOKN0,"Location, Privacy, and Craft Breweries",https://www.youtube.com/watch?v=oEUBSSLOKN0,,1521.0,,,https://i.ytimg.com/vi/oEUBSSLOKN0/hqdefault.jpg?sqp=-oaymwEcCNACELwBSFXyq4qpAw4IARUAAIhCGAFwAcABBg==&rs=AOn4CLAdQ2JXD3NPUnKgwr0c6KixsnJ2sg
4pxjDqE3RCA,Launching and Sustaining your Nonprofit Organization,https://www.youtube.com/watch?v=4pxjDqE3RCA,,2147.0,,,https://i.ytimg.com/vi/4pxjDqE3RCA/hqdefault.jpg?sqp=-oaymwEcCNACELwBSFXyq4qpAw4IARUAAIhCGAFwAcABBg==&rs=AOn4CLBAMwyMdEVk9EpddQ8KKfc1HgliHQ
jLKzHFgOMCg,Get More Clients with Sales Funnel Automation,https://www.youtube.com/watch?v=jLKzHFgOMCg,,1700.0,,,https://i.ytimg.com/vi/jLKzHFgOMCg/hqdefault.jpg?sqp=-oaymwEcCNACELwBSFXyq4qpAw4IARUAAIhCGAFwAcABBg==&rs=AOn4CLAsOXotK3wjCPeOpQG9BbhXBIMTOQ
avRFseaPLDc,Demystifying Market Research,https://www.youtube.com/watch?v=avRFseaPLDc,,3537.0,,,https://i.ytimg.com/vi/avRFseaPLDc/hqdefault.jpg?sqp=-oaymwEcCNACELwBSFXyq4qpAw4IARUAAIhCGAFwAcABBg==&rs=AOn4CLBNSoZ9e9PtSpyTNXltv733A27jaw
8zPobkQzt9E,Crowdfunding: What You Should Know Before You Start,https://www.youtube.com/watch?v=8zPobkQzt9E,,3408.0,,,https://i.ytimg.com/vi/8zPobkQzt9E/hqdefault.jpg?sqp=-oaymwEcCNACELwBSFXyq4qpAw4IARUAAIhCGAFwAcABBg==&rs=AOn4CLDrq1M2tKULQGfuthguGKA1HHtX3Q
NyirMyOt1pc,Coffee & Closers: How to Land your Next 3 Customers,https://www.youtube.com/watch?v=NyirMyOt1pc,,3585.0,,,https://i.ytimg.com/vi/NyirMyOt1pc/hqdefault.jpg?sqp=-oaymwEcCNACELwBSFXyq4qpAw4IARUAAIhCGAFwAcABBg==&rs=AOn4CLDbRXZl11d7GlI1gZDqY1CpG4nXsw
xNVhRFQ-ajw,PLAY Your Way to a Profitable Holiday Pre-Sale Campaign,https://www.youtube.com/watch?v=xNVhRFQ-ajw,,3443.0,,,https://i.ytimg.com/vi/xNVhRFQ-ajw/hqdefault.jpg?sqp=-oaymwEcCNACELwBSFXyq4qpAw4IARUAAIhCGAFwAcABBg==&rs=AOn4CLATkbLbo_cCDuKsvXcPJNn4fk_KQA
lvyJTmORYac,How To Design & Deliver an Elevator Speech,https://www.youtube.com/watch?v=lvyJTmORYac,,2401.0,,,https://i.ytimg.com/vi/lvyJTmORYac/hqdefault.jpg?sqp=-oaymwEcCNACELwBSFXyq4qpAw4IARUAAIhCGAFwAcABBg==&rs=AOn4CLAgfDrkzKhYQZVocgjPKvufdRuxtw
XccPNHAT9hg,Breaking Into Tech Panel Discussion,https://www.youtube.com/watch?v=XccPNHAT9hg,,3622.0,,,https://i.ytimg.com/vi/XccPNHAT9hg/hqdefault.jpg?sqp=-oaymwEcCNACELwBSFXyq4qpAw4IARUAAIhCGAFwAcABBg==&rs=AOn4CLDWsi8p10qMGYYZ_162jYGg9PRqBw
cyFeei5iIZM,11 Clues Your Project Might Be In Trouble,https://www.youtube.com/watch?v=cyFeei5iIZM,,2901.0,,,https://i.ytimg.com/vi/cyFeei5iIZM/hqdefault.jpg?sqp=-oaymwEcCNACELwBSFXyq4qpAw4IARUAAIhCGAFwAcABBg==&rs=AOn4CLBP1R8alvlKLnWxE5H19V9WJv4u2A
rxfBA_08Csg,Marketing Basics for the Non Marketer,https://www.youtube.com/watch?v=rxfBA_08Csg,,3142.0,,,https://i.ytimg.com/vi/rxfBA_08Csg/hqdefault.jpg?sqp=-oaymwEcCNACELwBSFXyq4qpAw4IARUAAIhCGAFwAcABBg==&rs=AOn4CLCupEQ_QBNkut90RdAXmNFl87gnvA
aS5eG6oVioU,How to Scale Tech Marketing with Purpose,https://www.youtube.com/watch?v=aS5eG6oVioU,,3494.0,,,https://i.ytimg.com/vi/aS5eG6oVioU/hqdefault.jpg?sqp=-oaymwEcCNACELwBSFXyq4qpAw4IARUAAIhCGAFwAcABBg==&rs=AOn4CLAWVM4sFSA60aPtwWj63E6yKan8WQ
X9bGBvwrapY,Change Can’t Happen in Isolation: Convergence of the Sustainable Development Goals,https://www.youtube.com/watch?v=X9bGBvwrapY,,3484.0,,,https://i.ytimg.com/vi/X9bGBvwrapY/hqdefault.jpg?sqp=-oaymwEcCNACELwBSFXyq4qpAw4IARUAAIhCGAFwAcABBg==&rs=AOn4CLAwIdUI5IHWfVf3c5UMMXXGTBT_8Q
yzgdN4_2PFY,Science Behind Testimonial Marketing,https://www.youtube.com/watch?v=yzgdN4_2PFY,,1297.0,,,https://i.ytimg.com/vi/yzgdN4_2PFY/hqdefault.jpg?sqp=-oaymwEcCNACELwBSFXyq4qpAw4IARUAAIhCGAFwAcABBg==&rs=AOn4CLAOk5YLA5HNkyBnKOKwoPBHEnyt-g
tTIjnWR-kM0,Doing good while doing well,https://www.youtube.com/watch?v=tTIjnWR-kM0,,3476.0,,,https://i.ytimg.com/vi/tTIjnWR-kM0/hqdefault.jpg?sqp=-oaymwEcCNACELwBSFXyq4qpAw4IARUAAIhCGAFwAcABBg==&rs=AOn4CLDCyAI5nHtYsSrKqOPY7SSH6qncHA
HgcENv1bVkw,Using Goal Setting & Metrics to Grow Faster,https://www.youtube.com/watch?v=HgcENv1bVkw,,1820.0,,,https://i.ytimg.com/vi/HgcENv1bVkw/hqdefault.jpg?sqp=-oaymwEcCNACELwBSFXyq4qpAw4IARUAAIhCGAFwAcABBg==&rs=AOn4CLDp_G4KeniBpl65ErvO1mUAp6X2IA
Cun6kQG3PFI,Doing More of the Right Things Faster,https://www.youtube.com/watch?v=Cun6kQG3PFI,,2073.0,,,https://i.ytimg.com/vi/Cun6kQG3PFI/hqdefault.jpg?sqp=-oaymwEcCNACELwBSFXyq4qpAw4IARUAAIhCGAFwAcABBg==&rs=AOn4CLC4JdeVgC6kmYRMCSm47G816hbc5Q
GCdusz0Sf-A,Building a Great Company from the Inside Out,https://www.youtube.com/watch?v=GCdusz0Sf-A,,2617.0,,,https://i.ytimg.com/vi/GCdusz0Sf-A/hqdefault.jpg?sqp=-oaymwEcCNACELwBSFXyq4qpAw4IARUAAIhCGAFwAcABBg==&rs=AOn4CLAKKiCZHsI813J3bwKgqyiwATxmxg
5mNcMOKiYzc,The Art of Tech: Unlocking Creative Possibilities,https://www.youtube.com/watch?v=5mNcMOKiYzc,,1501.0,,,https://i.ytimg.com/vi/5mNcMOKiYzc/hqdefault.jpg?sqp=-oaymwEcCNACELwBSFXyq4qpAw4IARUAAIhCGAFwAcABBg==&rs=AOn4CLB5a8IHB6HIkT4hmac3CQA-wfwEMw
N1kcjhNFEvY,Health Law 101: Key Legal Issues for Health Care Startups and Investors,https://www.youtube.com/watch?v=N1kcjhNFEvY,,4365.0,,,https://i.ytimg.com/vi/N1kcjhNFEvY/hqdefault.jpg?sqp=-oaymwEcCNACELwBSFXyq4qpAw4IARUAAIhCGAFwAcABBg==&rs=AOn4CLC3XEnfpitacZzjnue69dxaNGJdmQ
DNx9vju0vKE,Why Visual Planning for Your Instagram Feed Matters,https://www.youtube.com/watch?v=DNx9vju0vKE,,966.0,,,https://i.ytimg.com/vi/DNx9vju0vKE/hqdefault.jpg?sqp=-oaymwEcCNACELwBSFXyq4qpAw4IARUAAIhCGAFwAcABBg==&rs=AOn4CLBtgS6vpskUJdtfSQ4BgPB0mVdtDw
k3WM2MVvl2Y,Find Out if You've Outgrown Your Friend or Freelancer,https://www.youtube.com/watch?v=k3WM2MVvl2Y,,1591.0,,,https://i.ytimg.com/vi/k3WM2MVvl2Y/hqdefault.jpg?sqp=-oaymwEcCNACELwBSFXyq4qpAw4IARUAAIhCGAFwAcABBg==&rs=AOn4CLDFWrgGCtuD-zhWUjD7UBbp3Xi8WQ
UaErNSY9l1k,Negotiating Collaborative Agreements with Large Companies: What to Expect,https://www.youtube.com/watch?v=UaErNSY9l1k,,5600.0,,,https://i.ytimg.com/vi/UaErNSY9l1k/hqdefault.jpg?sqp=-oaymwEcCNACELwBSFXyq4qpAw4IARUAAIhCGAFwAcABBg==&rs=AOn4CLCSPjSB-becuwpYSTCSl9svWQOLPQ
4ZqtU4a-t5Y,How the State Supports Startups,https://www.youtube.com/watch?v=4ZqtU4a-t5Y,,2778.0,,,https://i.ytimg.com/vi/4ZqtU4a-t5Y/hqdefault.jpg?sqp=-oaymwEcCNACELwBSFXyq4qpAw4IARUAAIhCGAFwAcABBg==&rs=AOn4CLBfd0aF2Nhn5Klci3WxGeArJGc5yg
9XLXmuJfomM,The Future of SEO and How to Win,https://www.youtube.com/watch?v=9XLXmuJfomM,,2098.0,,,https://i.ytimg.com/vi/9XLXmuJfomM/hqdefault.jpg?sqp=-oaymwEcCNACELwBSFXyq4qpAw4IARUAAIhCGAFwAcABBg==&rs=AOn4CLBae2xvPHTeqR5cQFut9gHrzFsrLw
RRv8j9yCiao,Generating Sales Via Your Website: A Beautiful Website Is Not Enough,https://www.youtube.com/watch?v=RRv8j9yCiao,,2599.0,,,https://i.ytimg.com/vi/RRv8j9yCiao/hqdefault.jpg?sqp=-oaymwEcCNACELwBSFXyq4qpAw4IARUAAIhCGAFwAcABBg==&rs=AOn4CLBHEYzjJjNUImNaIYPZuRIy960ymw
PgKqyMAJ2s8,Trust Equity Harnessing the power of trust to fuel early-stage growth,https://www.youtube.com/watch?v=PgKqyMAJ2s8,,2586.0,,,https://i.ytimg.com/vi/PgKqyMAJ2s8/hqdefault.jpg?sqp=-oaymwEcCNACELwBSFXyq4qpAw4IARUAAIhCGAFwAcABBg==&rs=AOn4CLBnc6Ucbj54yl0551VYhU8gDNbISQ
lGhFMCLSNhc,Startup Awards 2018,https://www.youtube.com/watch?v=lGhFMCLSNhc,,30.0,,,https://i.ytimg.com/vi/lGhFMCLSNhc/hqdefault.jpg?sqp=-oaymwEcCNACELwBSFXyq4qpAw4IARUAAIhCGAFwAcABBg==&rs=AOn4CLDnCFBHY2vutyiTPeFsDprhjH4Mcw
SsuOih2vucg,Breaking Through in 2020: Using Growth for a Brand Boost,https://www.youtube.com/watch?v=SsuOih2vucg,,2261.0,,,https://i.ytimg.com/vi/SsuOih2vucg/hqdefault.jpg?sqp=-oaymwEcCNACELwBSFXyq4qpAw4IARUAAIhCGAFwAcABBg==&rs=AOn4CLDjHIwbOlBGZQMb31t5aovv2m3U4A
_peX6wWREgA,Benefits of Certification,https://www.youtube.com/watch?v=_peX6wWREgA,,2469.0,,,https://i.ytimg.com/vi/_peX6wWREgA/hqdefault.jpg?sqp=-oaymwEcCNACELwBSFXyq4qpAw4IARUAAIhCGAFwAcABBg==&rs=AOn4CLDvG05iSM0VbERMnGrhIH_SYdI0aQ
PGX-iBQWg6A,Fundraising During COVID-19,https://www.youtube.com/watch?v=PGX-iBQWg6A,,1775.0,,,https://i.ytimg.com/vi/PGX-iBQWg6A/hqdefault.jpg?sqp=-oaymwEcCNACELwBSFXyq4qpAw4IARUAAIhCGAFwAcABBg==&rs=AOn4CLBO5Cy_R2l4myoQEjvRwXYad3zF5g
_Nostj3SD8Y,Creating a Diverse Culture on Day One,https://www.youtube.com/watch?v=_Nostj3SD8Y,,1524.0,,,https://i.ytimg.com/vi/_Nostj3SD8Y/hqdefault.jpg?sqp=-oaymwEcCNACELwBSFXyq4qpAw4IARUAAIhCGAFwAcABBg==&rs=AOn4CLD7Lhn2TqWZkagc2FX0i-Lq9QGDdw
pYsbdw-gE-0,Equity Investing,https://www.youtube.com/watch?v=pYsbdw-gE-0,,2110.0,,,https://i.ytimg.com/vi/pYsbdw-gE-0/hqdefault.jpg?sqp=-oaymwEcCNACELwBSFXyq4qpAw4IARUAAIhCGAFwAcABBg==&rs=AOn4CLBKZ4pcj7obi_ox97W3uQKcaMNLgw
XZ5-wBxXhzY,"MN-DEED Support Startups: Funding, Programs, and Resources",https://www.youtube.com/watch?v=XZ5-wBxXhzY,,2640.0,,,https://i.ytimg.com/vi/XZ5-wBxXhzY/hqdefault.jpg?sqp=-oaymwEcCNACELwBSFXyq4qpAw4IARUAAIhCGAFwAcABBg==&rs=AOn4CLDcYoIGjj7rFOzJnPZFMXdCpCXjXg
OIRlhE_9F8Y,The Real Pitch MN,https://www.youtube.com/watch?v=OIRlhE_9F8Y,,3955.0,,,https://i.ytimg.com/vi/OIRlhE_9F8Y/hqdefault.jpg?sqp=-oaymwEcCNACELwBSFXyq4qpAw4IARUAAIhCGAFwAcABBg==&rs=AOn4CLCt_1izF5usZ8o9EeNOnwboOFq7Nw
ED5HDSLu14w,The Art of Tech: Unlocking Creative Possibilities,https://www.youtube.com/watch?v=ED5HDSLu14w,,2050.0,,,https://i.ytimg.com/vi/ED5HDSLu14w/hqdefault.jpg?sqp=-oaymwEcCNACELwBSFXyq4qpAw4IARUAAIhCGAFwAcABBg==&rs=AOn4CLCXDk0LY37jPKp21ELDlAtPPzE68A
wgWULl6YRoI,Closers Media presents :: Cocktails&Closers,https://www.youtube.com/watch?v=wgWULl6YRoI,,2107.0,,,https://i.ytimg.com/vi/wgWULl6YRoI/hqdefault.jpg?sqp=-oaymwEcCNACELwBSFXyq4qpAw4IARUAAIhCGAFwAcABBg==&rs=AOn4CLBDmMhBB_X5rwxvOSTBNOhxnsbqiA
EyEvBTN7KAk,5 Things About 5 Things That Every Startup Should Know,https://www.youtube.com/watch?v=EyEvBTN7KAk,,2949.0,,,https://i.ytimg.com/vi/EyEvBTN7KAk/hqdefault.jpg?sqp=-oaymwEcCNACELwBSFXyq4qpAw4IARUAAIhCGAFwAcABBg==&rs=AOn4CLD4lXDt7eVdkunN8zo7qOsqzA8SMg
biDYf3LFOAg,"Values, Culture, and Work Ethic: The Journey to Today's Best Buy",https://www.youtube.com/watch?v=biDYf3LFOAg,,2180.0,,,https://i.ytimg.com/vi/biDYf3LFOAg/hqdefault.jpg?sqp=-oaymwEcCNACELwBSFXyq4qpAw4IARUAAIhCGAFwAcABBg==&rs=AOn4CLC686GaHsNl3fHH9KAOsTWQ64LBgQ
GEr3-JhlmI0,Worrell Service Design Principles and Innovation for Healthcare Healthcare,https://www.youtube.com/watch?v=GEr3-JhlmI0,,2004.0,,,https://i.ytimg.com/vi/GEr3-JhlmI0/hqdefault.jpg?sqp=-oaymwEcCNACELwBSFXyq4qpAw4IARUAAIhCGAFwAcABBg==&rs=AOn4CLBHH095cvl8ShthsERsE4zQUzdgvw
XEce7E7J5go,"FemTech, Female Founders, and the Future",https://www.youtube.com/watch?v=XEce7E7J5go,,2829.0,,,https://i.ytimg.com/vi/XEce7E7J5go/hqdefault.jpg?sqp=-oaymwEcCNACELwBSFXyq4qpAw4IARUAAIhCGAFwAcABBg==&rs=AOn4CLBNMEURaG53PcV_52eKT0DyMveavw
mHvMr8Qoobc,How Youth Entrepreneurs are Building the Hospitals of the Future,https://www.youtube.com/watch?v=mHvMr8Qoobc,,3613.0,,,https://i.ytimg.com/vi/mHvMr8Qoobc/hqdefault.jpg?sqp=-oaymwEcCNACELwBSFXyq4qpAw4IARUAAIhCGAFwAcABBg==&rs=AOn4CLDeb3SFT4iihspBmp7Mp7K3ZHkQlQ
MNpLuqqDAxQ,The Current State of Medtech and Healthcare: A Fireside Chat with JP Morgan Chase and Medical Alley,https://www.youtube.com/watch?v=MNpLuqqDAxQ,,2784.0,,,https://i.ytimg.com/vi/MNpLuqqDAxQ/hqdefault.jpg?sqp=-oaymwEcCNACELwBSFXyq4qpAw4IARUAAIhCGAFwAcABBg==&rs=AOn4CLD8DHbd5KfajBiBw-LOdg8DVtHlQg
9SDjdOQG6Pk,Yoga with The Firm Healthcare Track,https://www.youtube.com/watch?v=9SDjdOQG6Pk,,1592.0,,,https://i.ytimg.com/vi/9SDjdOQG6Pk/hqdefault.jpg?sqp=-oaymwEcCNACELwBSFXyq4qpAw4IARUAAIhCGAFwAcABBg==&rs=AOn4CLAP_Q80SaCTJqEK45vL1n-KtSp24A
aazHHSf6nR4,Disrupting the Medical Supply Industry: A Fireside Chat with Medinas Health & Precursor Ventures,https://www.youtube.com/watch?v=aazHHSf6nR4,,1970.0,,,https://i.ytimg.com/vi/aazHHSf6nR4/hqdefault.jpg?sqp=-oaymwEcCNACELwBSFXyq4qpAw4IARUAAIhCGAFwAcABBg==&rs=AOn4CLAUwbilVpPeTiG72sqNtsURAaTqXw
WX6HhoA1ee4,A Primer on the Three Pillars: What does Sustainability Mean?,https://www.youtube.com/watch?v=WX6HhoA1ee4,,1743.0,,,https://i.ytimg.com/vi/WX6HhoA1ee4/hqdefault.jpg?sqp=-oaymwEcCNACELwBSFXyq4qpAw4IARUAAIhCGAFwAcABBg==&rs=AOn4CLA1oBF1lGb7UL7QZDxSRt6I7K0qUg
bd8xcuTd9sA,ImpactSKU Preview Showcase,https://www.youtube.com/watch?v=bd8xcuTd9sA,,2941.0,,,https://i.ytimg.com/vi/bd8xcuTd9sA/hqdefault.jpg?sqp=-oaymwEcCNACELwBSFXyq4qpAw4IARUAAIhCGAFwAcABBg==&rs=AOn4CLBmxDQcP4jc1AGwI3DyDwQPbOmpFg
Ahq07eyXNks,Sustainable Development: Is There Such A Thing?,https://www.youtube.com/watch?v=Ahq07eyXNks,,2889.0,,,https://i.ytimg.com/vi/Ahq07eyXNks/hqdefault.jpg?sqp=-oaymwEcCNACELwBSFXyq4qpAw4IARUAAIhCGAFwAcABBg==&rs=AOn4CLCxo45c1ij7pu1MKRxq0iSxdiF-tw
J_bn49HTB60,You Will Probably Survive This,https://www.youtube.com/watch?v=J_bn49HTB60,,1703.0,,,https://i.ytimg.com/vi/J_bn49HTB60/hqdefault.jpg?sqp=-oaymwEcCNACELwBSFXyq4qpAw4IARUAAIhCGAFwAcABBg==&rs=AOn4CLAZpUscCgZXu99vfhdQ-TyjxKAa7Q
1V_L5OFlWH8,"Video Craft for Tech - Investing, Sales, Support & Marketing 360+",https://www.youtube.com/watch?v=1V_L5OFlWH8,,2907.0,,,https://i.ytimg.com/vi/1V_L5OFlWH8/hqdefault.jpg?sqp=-oaymwEcCNACELwBSFXyq4qpAw4IARUAAIhCGAFwAcABBg==&rs=AOn4CLDADMSRBmC5AUtg71rvFf2tRM6A4g
QD8sd9UHaOw,"Prep the Brand, Prep the Person: The 1-2 Punch of Successful Marketing",https://www.youtube.com/watch?v=QD8sd9UHaOw,,1864.0,,,https://i.ytimg.com/vi/QD8sd9UHaOw/hqdefault.jpg?sqp=-oaymwEcCNACELwBSFXyq4qpAw4IARUAAIhCGAFwAcABBg==&rs=AOn4CLC1w_oX_1LJoxmlhIXUvgMFWnsYJw
Dyrjc73NR1g,Using Data Visualization to Tell Your Story & Grow Your Business,https://www.youtube.com/watch?v=Dyrjc73NR1g,,2760.0,,,https://i.ytimg.com/vi/Dyrjc73NR1g/hqdefault.jpg?sqp=-oaymwEcCNACELwBSFXyq4qpAw4IARUAAIhCGAFwAcABBg==&rs=AOn4CLCQ-FajU9G1UHM99U4XUFSCdbm0sA
bTXxuS4EeyU,The Power of Storytelling through Video,https://www.youtube.com/watch?v=bTXxuS4EeyU,,1966.0,,,https://i.ytimg.com/vi/bTXxuS4EeyU/hqdefault.jpg?sqp=-oaymwEcCNACELwBSFXyq4qpAw4IARUAAIhCGAFwAcABBg==&rs=AOn4CLCFOrVddRYQY0l86NnESCC0IdH4Bg
Tymos1pjIMk,TCSW Virtual Career Fair Kickoff,https://www.youtube.com/watch?v=Tymos1pjIMk,,2786.0,,,https://i.ytimg.com/vi/Tymos1pjIMk/hqdefault.jpg?sqp=-oaymwEcCNACELwBSFXyq4qpAw4IARUAAIhCGAFwAcABBg==&rs=AOn4CLC9M5wdfPMnnJBj1hiAeuFo4Rr7AA
Pbqs77CYkh8,Supercharge Your Growth with a Scalable All-On-One Sales & Marketing System,https://www.youtube.com/watch?v=Pbqs77CYkh8,,2064.0,,,https://i.ytimg.com/vi/Pbqs77CYkh8/hqdefault.jpg?sqp=-oaymwEcCNACELwBSFXyq4qpAw4IARUAAIhCGAFwAcABBg==&rs=AOn4CLCOD-gDIPrf3209via8Pw20XzdvSg
ReSm1E1Qv1k,Social Enterprise Showcase Panel + Marketplace,https://www.youtube.com/watch?v=ReSm1E1Qv1k,,3601.0,,,https://i.ytimg.com/vi/ReSm1E1Qv1k/hqdefault.jpg?sqp=-oaymwEcCNACELwBSFXyq4qpAw4IARUAAIhCGAFwAcABBg==&rs=AOn4CLCeRLCph1hukHrBsG58rd6zuOg3zw
FxXzvFVJhQw,SEO For Startups Get In The Game,https://www.youtube.com/watch?v=FxXzvFVJhQw,,2771.0,,,https://i.ytimg.com/vi/FxXzvFVJhQw/hqdefault.jpg?sqp=-oaymwEcCNACELwBSFXyq4qpAw4IARUAAIhCGAFwAcABBg==&rs=AOn4CLDiWo28O0Tc6E_Jt3Fob7D8qgGO-Q
kv-oYhv96CI,Minnestar Presents Lightning Talks,https://www.youtube.com/watch?v=kv-oYhv96CI,,3771.0,,,https://i.ytimg.com/vi/kv-oYhv96CI/hqdefault.jpg?sqp=-oaymwEcCNACELwBSFXyq4qpAw4IARUAAIhCGAFwAcABBg==&rs=AOn4CLDv6S7m9LDQ1DOorpKkmzBqhhyzmA
Yt4Sye_9Tpk,"Ready, Set, Go-to-Market: Launch Strategies for Founders",https://www.youtube.com/watch?v=Yt4Sye_9Tpk,,2064.0,,,https://i.ytimg.com/vi/Yt4Sye_9Tpk/hqdefault.jpg?sqp=-oaymwEcCNACELwBSFXyq4qpAw4IARUAAIhCGAFwAcABBg==&rs=AOn4CLD5-eaxKuwb8s4g_BbbKi5g_4l1Lw
g_19cUx0MHw,Launch Marketing for Purpose-Driven Founders: How to Build the MVP of your Marketing Plan,https://www.youtube.com/watch?v=g_19cUx0MHw,,2702.0,,,https://i.ytimg.com/vi/g_19cUx0MHw/hqdefault.jpg?sqp=-oaymwEcCNACELwBSFXyq4qpAw4IARUAAIhCGAFwAcABBg==&rs=AOn4CLBePztuRiAFRboW4Sgq4VRncFOb2Q
DYkpgPr13CE,Intro to Growth Hacking: The Idea Pipeline & ICE metrics,https://www.youtube.com/watch?v=DYkpgPr13CE,,3008.0,,,https://i.ytimg.com/vi/DYkpgPr13CE/hqdefault.jpg?sqp=-oaymwEcCNACELwBSFXyq4qpAw4IARUAAIhCGAFwAcABBg==&rs=AOn4CLCtRKXU0YYYXHE8kA6Yd6IFadPevg
CfOg6hd3hWg,How as a Founder to get your first customers,https://www.youtube.com/watch?v=CfOg6hd3hWg,,1873.0,,,https://i.ytimg.com/vi/CfOg6hd3hWg/hqdefault.jpg?sqp=-oaymwEcCNACELwBSFXyq4qpAw4IARUAAIhCGAFwAcABBg==&rs=AOn4CLDa_3jMMdMWgba1XA3IgwQg7jWwgw
Jy5uAM8tnZE,Harness the Power of AI: Improving Business Outcomes,https://www.youtube.com/watch?v=Jy5uAM8tnZE,,3838.0,,,https://i.ytimg.com/vi/Jy5uAM8tnZE/hqdefault.jpg?sqp=-oaymwEcCNACELwBSFXyq4qpAw4IARUAAIhCGAFwAcABBg==&rs=AOn4CLD2DjFsymIMi1ieABiCmexDrlLwMg
zHeqUUGVtVE,"Keeping Sales Connected, Motivated and Closing in Interesting Times",https://www.youtube.com/watch?v=zHeqUUGVtVE,,3001.0,,,https://i.ytimg.com/vi/zHeqUUGVtVE/hqdefault.jpg?sqp=-oaymwEcCNACELwBSFXyq4qpAw4IARUAAIhCGAFwAcABBg==&rs=AOn4CLAyjf8a9yyc5S2cuFA9QJs2d3USOQ
pptUcOlQi3E,"Grow Better: Aligning Data, Tech, and Processes to Drive Digital Transformation",https://www.youtube.com/watch?v=pptUcOlQi3E,,3067.0,,,https://i.ytimg.com/vi/pptUcOlQi3E/hqdefault.jpg?sqp=-oaymwEcCNACELwBSFXyq4qpAw4IARUAAIhCGAFwAcABBg==&rs=AOn4CLCW1mqsbpVylKdJ1Lb6uevx3ORj6g
07u6AoSQvCg,Design you network. Build your scrum,https://www.youtube.com/watch?v=07u6AoSQvCg,,1894.0,,,https://i.ytimg.com/vi/07u6AoSQvCg/hqdefault.jpg?sqp=-oaymwEcCNACELwBSFXyq4qpAw4IARUAAIhCGAFwAcABBg==&rs=AOn4CLBiS3nmuQGT1ozBm4UN3wGM2vNcug
mF3gdZR0uYk,12 Crucial Do's and Don'ts for B2B Influencer Marketing,https://www.youtube.com/watch?v=mF3gdZR0uYk,,1440.0,,,https://i.ytimg.com/vi/mF3gdZR0uYk/hqdefault.jpg?sqp=-oaymwEcCNACELwBSFXyq4qpAw4IARUAAIhCGAFwAcABBg==&rs=AOn4CLCM_o185nFj4sUQ5ymsRu80OaVZJw
KjWVhaY0W30,"Yes, It's Possible To Make Money With Original Content",https://www.youtube.com/watch?v=KjWVhaY0W30,,1092.0,,,https://i.ytimg.com/vi/KjWVhaY0W30/hqdefault.jpg?sqp=-oaymwEcCNACELwBSFXyq4qpAw4IARUAAIhCGAFwAcABBg==&rs=AOn4CLDDCDXNeKyWp2ydrD6MoDCsMk6sEQ
eVvNMS5f6nM,Using Cloud Providers to Achieve HIPAA Compliance,https://www.youtube.com/watch?v=eVvNMS5f6nM,,1517.0,,,https://i.ytimg.com/vi/eVvNMS5f6nM/hqdefault.jpg?sqp=-oaymwEcCNACELwBSFXyq4qpAw4IARUAAIhCGAFwAcABBg==&rs=AOn4CLDLrG5PLLQq5R9N0pZ1gwIfOpKUQg
jkzjWdcXQk0,The How and Why of Designing Connectivity into Your Start-up,https://www.youtube.com/watch?v=jkzjWdcXQk0,,2008.0,,,https://i.ytimg.com/vi/jkzjWdcXQk0/hqdefault.jpg?sqp=-oaymwEcCNACELwBSFXyq4qpAw4IARUAAIhCGAFwAcABBg==&rs=AOn4CLDf3D-0ch2pJwnI9Or1CQp1m8D1LQ
rr6sXbQbod4,Pandemic Parenting: strategies for families in this challenging time,https://www.youtube.com/watch?v=rr6sXbQbod4,,2002.0,,,https://i.ytimg.com/vi/rr6sXbQbod4/hqdefault.jpg?sqp=-oaymwEcCNACELwBSFXyq4qpAw4IARUAAIhCGAFwAcABBg==&rs=AOn4CLAADVXfYHs3GRK4uUboF8sU_jV5ew
xnE7rPpB8Fg,Non-Dilutive Federal Research Funding for Technology Commercialization,https://www.youtube.com/watch?v=xnE7rPpB8Fg,,2498.0,,,https://i.ytimg.com/vi/xnE7rPpB8Fg/hqdefault.jpg?sqp=-oaymwEcCNACELwBSFXyq4qpAw4IARUAAIhCGAFwAcABBg==&rs=AOn4CLCFc2iuyq06oQTpF76aSg1N4CwljQ
IPwpHDk_dsQ,Kendall Qualls: From Harlem to Healthcare,https://www.youtube.com/watch?v=IPwpHDk_dsQ,,1903.0,,,https://i.ytimg.com/vi/IPwpHDk_dsQ/hqdefault.jpg?sqp=-oaymwEcCNACELwBSFXyq4qpAw4IARUAAIhCGAFwAcABBg==&rs=AOn4CLBKdHpKjFjsHIXa6u79_FGXkL6Qqg
-i1F7eyDnrk,Keeping the Fire Alive: Find Balance and Prevent Burnout,https://www.youtube.com/watch?v=-i1F7eyDnrk,,3323.0,,,https://i.ytimg.com/vi/-i1F7eyDnrk/hqdefault.jpg?sqp=-oaymwEcCNACELwBSFXyq4qpAw4IARUAAIhCGAFwAcABBg==&rs=AOn4CLDTc9io5l1PKZnd0hbGqXZVEO-pWg
jgTcErHKNtQ,IP Secrets to Supercharge Your Startup,https://www.youtube.com/watch?v=jgTcErHKNtQ,,1863.0,,,https://i.ytimg.com/vi/jgTcErHKNtQ/hqdefault.jpg?sqp=-oaymwEcCNACELwBSFXyq4qpAw4IARUAAIhCGAFwAcABBg==&rs=AOn4CLDb3XDqG7vKsdS0h3Eh8gu8pCPXjA
IK_rGBGnZFU,How To Create Breakthrough Connections for Breakthrough Team Performance,https://www.youtube.com/watch?v=IK_rGBGnZFU,,1948.0,,,https://i.ytimg.com/vi/IK_rGBGnZFU/hqdefault.jpg?sqp=-oaymwEcCNACELwBSFXyq4qpAw4IARUAAIhCGAFwAcABBg==&rs=AOn4CLDMbNNEoHS0hwUbv8nW1QY-Els0Wg
H3DMFjPp3kw,The Art of Holding People Accountable,https://www.youtube.com/watch?v=H3DMFjPp3kw,,2410.0,,,https://i.ytimg.com/vi/H3DMFjPp3kw/hqdefault.jpg?sqp=-oaymwEcCNACELwBSFXyq4qpAw4IARUAAIhCGAFwAcABBg==&rs=AOn4CLA5Cx1-I9lj-siN0AcJKhPhJOAQwg
XG6m6UbdSVE,The Future of Solar Energy and Battery Storage,https://www.youtube.com/watch?v=XG6m6UbdSVE,,3333.0,,,https://i.ytimg.com/vi/XG6m6UbdSVE/hqdefault.jpg?sqp=-oaymwEcCNACELwBSFXyq4qpAw4IARUAAIhCGAFwAcABBg==&rs=AOn4CLBehnnOjfLhcHaxzE7I46RT-gzsTQ
osP8ai1Vq_s,Powering Through a Pivot: How SOULMUCH Navigated Uncertainty & Stated True to their Mission,https://www.youtube.com/watch?v=osP8ai1Vq_s,,1821.0,,,https://i.ytimg.com/vi/osP8ai1Vq_s/hqdefault.jpg?sqp=-oaymwEcCNACELwBSFXyq4qpAw4IARUAAIhCGAFwAcABBg==&rs=AOn4CLBkgEWth1bHDQtrfG9uCYWveSy3Xg
na9HqLm_L20,Moment of Zen,https://www.youtube.com/watch?v=na9HqLm_L20,,1806.0,,,https://i.ytimg.com/vi/na9HqLm_L20/hqdefault.jpg?sqp=-oaymwEcCNACELwBSFXyq4qpAw4IARUAAIhCGAFwAcABBg==&rs=AOn4CLA3S-GAkcD0JNVopINpK6R3dUUnBA
4PTiWUZCdJA,AI & The Black Experience,https://www.youtube.com/watch?v=4PTiWUZCdJA,,2510.0,,,https://i.ytimg.com/vi/4PTiWUZCdJA/hqdefault.jpg?sqp=-oaymwEcCNACELwBSFXyq4qpAw4IARUAAIhCGAFwAcABBg==&rs=AOn4CLAt43HD9lIl_h75N2l55xQhzSMOtw
tf_oZO-sZ-o,Unlocking New Revenue for Social Innovation,https://www.youtube.com/watch?v=tf_oZO-sZ-o,,2744.0,,,https://i.ytimg.com/vi/tf_oZO-sZ-o/hqdefault.jpg?sqp=-oaymwEcCNACELwBSFXyq4qpAw4IARUAAIhCGAFwAcABBg==&rs=AOn4CLA1Gkt2o-30DBuAnc3mKvHNyqYKkw
JMBQ_vAC57k,Values-Based Entrepreneurship,https://www.youtube.com/watch?v=JMBQ_vAC57k,,1840.0,,,https://i.ytimg.com/vi/JMBQ_vAC57k/hqdefault.jpg?sqp=-oaymwEcCNACELwBSFXyq4qpAw4IARUAAIhCGAFwAcABBg==&rs=AOn4CLDL4bdxinM3dvzdCHSQ0fJ_prrDeQ
VIbwYY0xXK4,Unconscious Bias: Nip It in the Bud,https://www.youtube.com/watch?v=VIbwYY0xXK4,,1831.0,,,https://i.ytimg.com/vi/VIbwYY0xXK4/hqdefault.jpg?sqp=-oaymwEcCNACELwBSFXyq4qpAw4IARUAAIhCGAFwAcABBg==&rs=AOn4CLDoSQB5UVjkV9p3Tue-QYylQfkV7g
i6ORA4PDRss,Kickstart your service-based business that makes a difference,https://www.youtube.com/watch?v=i6ORA4PDRss,,1658.0,,,https://i.ytimg.com/vi/i6ORA4PDRss/hqdefault.jpg?sqp=-oaymwEcCNACELwBSFXyq4qpAw4IARUAAIhCGAFwAcABBg==&rs=AOn4CLBCDE1E2LYRL3ON0i9DjsDcwi0oBg
50II62RZZIo,Innovation to Execution: Turning your ideas into a plan!,https://www.youtube.com/watch?v=50II62RZZIo,,1273.0,,,https://i.ytimg.com/vi/50II62RZZIo/hqdefault.jpg?sqp=-oaymwEcCNACELwBSFXyq4qpAw4IARUAAIhCGAFwAcABBg==&rs=AOn4CLCORke0fAcbueF-n492htsOA-tMRQ
nIUaTXJwaU8,"How to Profit from a Sustainable, Circular Economy",https://www.youtube.com/watch?v=nIUaTXJwaU8,,1502.0,,,https://i.ytimg.com/vi/nIUaTXJwaU8/hqdefault.jpg?sqp=-oaymwEcCNACELwBSFXyq4qpAw4IARUAAIhCGAFwAcABBg==&rs=AOn4CLDpmfD633LEp9qHeCFmfBMSye6GlQ
V7CnGE_CR3A,Growing Engineering: From Startup to Market Leader,https://www.youtube.com/watch?v=V7CnGE_CR3A,,1026.0,,,https://i.ytimg.com/vi/V7CnGE_CR3A/hqdefault.jpg?sqp=-oaymwEcCNACELwBSFXyq4qpAw4IARUAAIhCGAFwAcABBg==&rs=AOn4CLCSFe6LPikQgdq01D4_6VzsbHroEg
GyOQvCyqi-Y,Turning Passion into Purpose: Becoming Social Entrepreneurs,https://www.youtube.com/watch?v=GyOQvCyqi-Y,,2665.0,,,https://i.ytimg.com/vi/GyOQvCyqi-Y/hqdefault.jpg?sqp=-oaymwEcCNACELwBSFXyq4qpAw4IARUAAIhCGAFwAcABBg==&rs=AOn4CLDIx7WMBj1SCFYlK96oN7TSL9d2kg
L5u0cIlOaaM,Startup Grind-  Launching a Sustainable Business Venture Online,https://www.youtube.com/watch?v=L5u0cIlOaaM,,1897.0,,,https://i.ytimg.com/vi/L5u0cIlOaaM/hqdefault.jpg?sqp=-oaymwEcCNACELwBSFXyq4qpAw4IARUAAIhCGAFwAcABBg==&rs=AOn4CLBxMhee3x13UCYlzbPeXHVyWlQypg
4o0KCJWaUy8,How to incorporate the Sustainable Development Goals into Your Startup: Hosted by Impact Hub MSP,https://www.youtube.com/watch?v=4o0KCJWaUy8,,3195.0,,,https://i.ytimg.com/vi/4o0KCJWaUy8/hqdefault.jpg?sqp=-oaymwEcCNACELwBSFXyq4qpAw4IARUAAIhCGAFwAcABBg==&rs=AOn4CLCU8LauKyhqBpjTTfDBV0ApnD12dA
URnZ76PoRx0,Founders Panel: Lessons Learned in Growing Your Social Enterprise,https://www.youtube.com/watch?v=URnZ76PoRx0,,2479.0,,,https://i.ytimg.com/vi/URnZ76PoRx0/hqdefault.jpg?sqp=-oaymwEcCNACELwBSFXyq4qpAw4IARUAAIhCGAFwAcABBg==&rs=AOn4CLBGRt35jIATP16lEu32Rf83KsWjqg
J2izGWCHfcw,Disrupting the Status Quo in Your Organization and Community,https://www.youtube.com/watch?v=J2izGWCHfcw,,3243.0,,,https://i.ytimg.com/vi/J2izGWCHfcw/hqdefault.jpg?sqp=-oaymwEcCNACELwBSFXyq4qpAw4IARUAAIhCGAFwAcABBg==&rs=AOn4CLARiPRW8AkjWPZKcgYbNh_XQjUInQ
wfhqAG3NRhk,Climate Tech Meet & Greet & Show & Tell,https://www.youtube.com/watch?v=wfhqAG3NRhk,,2692.0,,,https://i.ytimg.com/vi/wfhqAG3NRhk/hqdefault.jpg?sqp=-oaymwEcCNACELwBSFXyq4qpAw4IARUAAIhCGAFwAcABBg==&rs=AOn4CLCEpAhaJPbaZ4drK3WPHooRHaf5MA
c96g5FsYY64,Building a B Corp: A Panel Discussion,https://www.youtube.com/watch?v=c96g5FsYY64,,2776.0,,,https://i.ytimg.com/vi/c96g5FsYY64/hqdefault.jpg?sqp=-oaymwEcCNACELwBSFXyq4qpAw4IARUAAIhCGAFwAcABBg==&rs=AOn4CLCjYlJPCqovntzGAq8nY392cFoAnw
KIwpoZsIU9E,"A Gay Jew, A Black Man & A White Mom Walk into a Boardroom",https://www.youtube.com/watch?v=KIwpoZsIU9E,,1687.0,,,https://i.ytimg.com/vi/KIwpoZsIU9E/hqdefault.jpg?sqp=-oaymwEcCNACELwBSFXyq4qpAw4IARUAAIhCGAFwAcABBg==&rs=AOn4CLCmRZaRj2pMvaja4rT6HL6hnefwfw
bfoAdCa_4DI,#CovidComeback -  Business Accelerator for Digital Success,https://www.youtube.com/watch?v=bfoAdCa_4DI,,2949.0,,,https://i.ytimg.com/vi/bfoAdCa_4DI/hqdefault.jpg?sqp=-oaymwEcCNACELwBSFXyq4qpAw4IARUAAIhCGAFwAcABBg==&rs=AOn4CLD_eYffQXQyGjMHLEcXD0ROD_f-iQ
Ngmaao4hZ1M,BETA's & Matchstick's Commitment to Diversity,https://www.youtube.com/watch?v=Ngmaao4hZ1M,,2395.0,,,https://i.ytimg.com/vi/Ngmaao4hZ1M/hqdefault.jpg?sqp=-oaymwEcCNACELwBSFXyq4qpAw4IARUAAIhCGAFwAcABBg==&rs=AOn4CLB2i6ab1MIYZtMiHd3zr4TRpu0EWQ
qoNSaH48yr8,Building a Social Impact Business: Lessons Learned from 4 Early-Stage Founders,https://www.youtube.com/watch?v=qoNSaH48yr8,,2802.0,,,https://i.ytimg.com/vi/qoNSaH48yr8/hqdefault.jpg?sqp=-oaymwEcCNACELwBSFXyq4qpAw4IARUAAIhCGAFwAcABBg==&rs=AOn4CLBtC3LJFALrp4UutvoOjJxbDqVeYw
mDqvYVY__N8,Crash Course on Hiring Developers,https://www.youtube.com/watch?v=mDqvYVY__N8,,4279.0,,,https://i.ytimg.com/vi/mDqvYVY__N8/hqdefault.jpg?sqp=-oaymwEcCNACELwBSFXyq4qpAw4IARUAAIhCGAFwAcABBg==&rs=AOn4CLAzjDNx-vmwHnqc0oJKgje_sKSoXw
8M-r13-OJDo,What to Expect from a Development Team,https://www.youtube.com/watch?v=8M-r13-OJDo,,2308.0,,,https://i.ytimg.com/vi/8M-r13-OJDo/hqdefault.jpg?sqp=-oaymwEcCNACELwBSFXyq4qpAw4IARUAAIhCGAFwAcABBg==&rs=AOn4CLANgZzRUtJ5-ULH9sHHFdVF8c8t2g
5dRlG-6AcNM,UnPub – Re imagining Education and Collaboration with a Purpose,https://www.youtube.com/watch?v=5dRlG-6AcNM,,3112.0,,,https://i.ytimg.com/vi/5dRlG-6AcNM/hqdefault.jpg?sqp=-oaymwEcCNACELwBSFXyq4qpAw4IARUAAIhCGAFwAcABBg==&rs=AOn4CLDqsH7EbsfKZH86vQY0QqDUqjkSIA
zceua5oTwUo,The Power and Potential of Intergenerational Leadership Teams,https://www.youtube.com/watch?v=zceua5oTwUo,,2074.0,,,https://i.ytimg.com/vi/zceua5oTwUo/hqdefault.jpg?sqp=-oaymwEcCNACELwBSFXyq4qpAw4IARUAAIhCGAFwAcABBg==&rs=AOn4CLDPrwEQIOkPgNdtNK7U0MPbRV9JdA
4dbFjjuADq4,The Entrepreneur's Data Privacy Primer,https://www.youtube.com/watch?v=4dbFjjuADq4,,1634.0,,,https://i.ytimg.com/vi/4dbFjjuADq4/hqdefault.jpg?sqp=-oaymwEcCNACELwBSFXyq4qpAw4IARUAAIhCGAFwAcABBg==&rs=AOn4CLDxpnCvH4nvwtCIUdnbBSaqLnoJIg
UbbDqrJaYeU,The Empathy Challenge: Practice Recognizing Your Blind Spots,https://www.youtube.com/watch?v=UbbDqrJaYeU,,3021.0,,,https://i.ytimg.com/vi/UbbDqrJaYeU/hqdefault.jpg?sqp=-oaymwEcCNACELwBSFXyq4qpAw4IARUAAIhCGAFwAcABBg==&rs=AOn4CLBBt65aMcQ4VeSV2RjR8d3MvtuLBA
kokjhkyDTjo,"The AI First Mindset: How to Add, Leverage & Optimize AI",https://www.youtube.com/watch?v=kokjhkyDTjo,,1550.0,,,https://i.ytimg.com/vi/kokjhkyDTjo/hqdefault.jpg?sqp=-oaymwEcCNACELwBSFXyq4qpAw4IARUAAIhCGAFwAcABBg==&rs=AOn4CLDdLh63OTI27v9_YWJBP5DTM0SlFw
Eqbn75eYvLc,How Interest in Workforce Equity & Record Unemployment can Narrow the Tech Skills Gap,https://www.youtube.com/watch?v=Eqbn75eYvLc,,3857.0,,,https://i.ytimg.com/vi/Eqbn75eYvLc/hqdefault.jpg?sqp=-oaymwEcCNACELwBSFXyq4qpAw4IARUAAIhCGAFwAcABBg==&rs=AOn4CLCF1RLayKUc84tJS6WzxvYwFk-5ag
hXXGrGwIWPs,Social Justice in a Digital World,https://www.youtube.com/watch?v=hXXGrGwIWPs,,1673.0,,,https://i.ytimg.com/vi/hXXGrGwIWPs/hqdefault.jpg?sqp=-oaymwEcCNACELwBSFXyq4qpAw4IARUAAIhCGAFwAcABBg==&rs=AOn4CLCdZJWzzXMgUchkQfeNje1HD257EQ
SQ2hV77zhr4,Scaling Through User Voice: Evaluating Your Attention to Educator Voices,https://www.youtube.com/watch?v=SQ2hV77zhr4,,3411.0,,,https://i.ytimg.com/vi/SQ2hV77zhr4/hqdefault.jpg?sqp=-oaymwEcCNACELwBSFXyq4qpAw4IARUAAIhCGAFwAcABBg==&rs=AOn4CLC8iy2fAHpGEnn-Ads8I1ifmNMU3g
TrBPW1SlbOc,Working with Corporates: What Startups Should Know,https://www.youtube.com/watch?v=TrBPW1SlbOc,,2452.0,,,https://i.ytimg.com/vi/TrBPW1SlbOc/hqdefault.jpg?sqp=-oaymwEcCNACELwBSFXyq4qpAw4IARUAAIhCGAFwAcABBg==&rs=AOn4CLAh-y4rg4sSGZo-2B3yVQtzdu6e3w
QGZCoZaJ86c,25 Digital leaders interviewed in 25 minutes,https://www.youtube.com/watch?v=QGZCoZaJ86c,,1769.0,,,https://i.ytimg.com/vi/QGZCoZaJ86c/hqdefault.jpg?sqp=-oaymwEcCNACELwBSFXyq4qpAw4IARUAAIhCGAFwAcABBg==&rs=AOn4CLDSXiO-ZnZ1tXybJGA3j82RiUmTzg
RIb7zdZR-mo,Mentor Morning: Financing Scaling from Traction to IPO!,https://www.youtube.com/watch?v=RIb7zdZR-mo,,2975.0,,,https://i.ytimg.com/vi/RIb7zdZR-mo/hqdefault.jpg?sqp=-oaymwEcCNACELwBSFXyq4qpAw4IARUAAIhCGAFwAcABBg==&rs=AOn4CLDqcSgeq8levkEXLTSoKlRD05n3jQ
QNO-sQT82ds,Scaling Customer Success Through Growth,https://www.youtube.com/watch?v=QNO-sQT82ds,,2691.0,,,https://i.ytimg.com/vi/QNO-sQT82ds/hqdefault.jpg?sqp=-oaymwEcCNACELwBSFXyq4qpAw4IARUAAIhCGAFwAcABBg==&rs=AOn4CLCKDZs8-bic34Ydhf0nvtGrMltF5Q
Pi3pX8c3XcU,Immersive Technology 101,https://www.youtube.com/watch?v=Pi3pX8c3XcU,,1528.0,,,https://i.ytimg.com/vi/Pi3pX8c3XcU/hqdefault.jpg?sqp=-oaymwEcCNACELwBSFXyq4qpAw4IARUAAIhCGAFwAcABBg==&rs=AOn4CLDlkE0ojAQ3QnZKIY7-G4V9GBeefA
8b8MfJRvrXc,Cómo Aprovechar la Inteligencia Emocional y la Atención Plena para Tener Relaciones Profesionales,https://www.youtube.com/watch?v=8b8MfJRvrXc,,5358.0,,,https://i.ytimg.com/vi/8b8MfJRvrXc/hqdefault.jpg?sqp=-oaymwEcCNACELwBSFXyq4qpAw4IARUAAIhCGAFwAcABBg==&rs=AOn4CLDQmLHpETW0p_pdz9Z43-H_oFJg0g
TU4K4tAe3ok,Fix It Fireside: Scaling Your Company and Thinking Big with Lunar Startups and The Coven,https://www.youtube.com/watch?v=TU4K4tAe3ok,,2813.0,,,https://i.ytimg.com/vi/TU4K4tAe3ok/hqdefault.jpg?sqp=-oaymwEcCNACELwBSFXyq4qpAw4IARUAAIhCGAFwAcABBg==&rs=AOn4CLBpXqrQbUkDtmHrvz4otMOyM-P9mA
kBynIMb9gEo,Breaking Techs-pectations,https://www.youtube.com/watch?v=kBynIMb9gEo,,1236.0,,,https://i.ytimg.com/vi/kBynIMb9gEo/hqdefault.jpg?sqp=-oaymwEcCNACELwBSFXyq4qpAw4IARUAAIhCGAFwAcABBg==&rs=AOn4CLDv-3ksfC6qZd3NjSTlqPDG9wvT7g
rbkI7Lnq9FY,Become a Technovation[MN] Mentor,https://www.youtube.com/watch?v=rbkI7Lnq9FY,,1709.0,,,https://i.ytimg.com/vi/rbkI7Lnq9FY/hqdefault.jpg?sqp=-oaymwEcCNACELwBSFXyq4qpAw4IARUAAIhCGAFwAcABBg==&rs=AOn4CLBhaE8IixLpQMtWkUpHscS9zew6bQ
e8tt8AsQxz4,Fireside Chats with African American Educators,https://www.youtube.com/watch?v=e8tt8AsQxz4,,6135.0,,,https://i.ytimg.com/vi/e8tt8AsQxz4/hqdefault.jpg?sqp=-oaymwEcCNACELwBSFXyq4qpAw4IARUAAIhCGAFwAcABBg==&rs=AOn4CLCJcRWaWfucRXb6m7YSBPjMbA9pMw
ncAAYJYpz8M,Emotional Intelligence and Mindfulness for Personal and Professional Relationships,https://www.youtube.com/watch?v=ncAAYJYpz8M,,5437.0,,,https://i.ytimg.com/vi/ncAAYJYpz8M/hqdefault.jpg?sqp=-oaymwEcCNACELwBSFXyq4qpAw4IARUAAIhCGAFwAcABBg==&rs=AOn4CLDJEppHCMV64o8-vIVrNN4jcuP4LA
LDwaSq_Cje8,Managing Global Tech Teams During a Pandemic,https://www.youtube.com/watch?v=LDwaSq_Cje8,,2881.0,,,https://i.ytimg.com/vi/LDwaSq_Cje8/hqdefault.jpg?sqp=-oaymwEcCNACELwBSFXyq4qpAw4IARUAAIhCGAFwAcABBg==&rs=AOn4CLDj55DThIFSR5h8O7kkwDlQprPpWg
dgCNaDrxh5w,AMA with Jeopardy! College Championship Winner Nibir Sarma,https://www.youtube.com/watch?v=dgCNaDrxh5w,,1714.0,,,https://i.ytimg.com/vi/dgCNaDrxh5w/hqdefault.jpg?sqp=-oaymwEcCNACELwBSFXyq4qpAw4IARUAAIhCGAFwAcABBg==&rs=AOn4CLDFNIx3TQy7WmS6hzhWeeSeSLEKJA
96LgEJAV6xI,Workplace Inclusion - The Time is Now!,https://www.youtube.com/watch?v=96LgEJAV6xI,,1749.0,,,https://i.ytimg.com/vi/96LgEJAV6xI/hqdefault.jpg?sqp=-oaymwEcCNACELwBSFXyq4qpAw4IARUAAIhCGAFwAcABBg==&rs=AOn4CLCWiWhteg76bKxfqlCAbcaIdG_Fuw
LedAGQuAmFM,Too Good To Waste,https://www.youtube.com/watch?v=LedAGQuAmFM,,3058.0,,,https://i.ytimg.com/vi/LedAGQuAmFM/hqdefault.jpg?sqp=-oaymwEcCNACELwBSFXyq4qpAw4IARUAAIhCGAFwAcABBg==&rs=AOn4CLDa-WJwwRxlZmb1fn-0W-rVukV-gw
m5cZ2OgFAoE,The Power of Rural Innovation through Collaboration,https://www.youtube.com/watch?v=m5cZ2OgFAoE,,2593.0,,,https://i.ytimg.com/vi/m5cZ2OgFAoE/hqdefault.jpg?sqp=-oaymwEcCNACELwBSFXyq4qpAw4IARUAAIhCGAFwAcABBg==&rs=AOn4CLDgMIXD9ikDXd_BtZRTIBOkNgSgBQ
X31CLcMXntk,Spilling the early VC tea: the secret to getting your check,https://www.youtube.com/watch?v=X31CLcMXntk,,3783.0,,,https://i.ytimg.com/vi/X31CLcMXntk/hqdefault.jpg?sqp=-oaymwEcCNACELwBSFXyq4qpAw4IARUAAIhCGAFwAcABBg==&rs=AOn4CLAqrRTaG9JEFs9j_O74fSursVcRbQ
pH4xNFQRoc8,"SBA funding and resources for new ventures: How SBA can help you start, grow and recover",https://www.youtube.com/watch?v=pH4xNFQRoc8,,3050.0,,,https://i.ytimg.com/vi/pH4xNFQRoc8/hqdefault.jpg?sqp=-oaymwEcCNACELwBSFXyq4qpAw4IARUAAIhCGAFwAcABBg==&rs=AOn4CLB0GfH3B0o9OPSF20UiX-1CF5uC9Q
l4jyloMrD-w,Making Change STICK: Straight forward Advice to Enable Your Culture and Drive Results,https://www.youtube.com/watch?v=l4jyloMrD-w,,2519.0,,,https://i.ytimg.com/vi/l4jyloMrD-w/hqdefault.jpg?sqp=-oaymwEcCNACELwBSFXyq4qpAw4IARUAAIhCGAFwAcABBg==&rs=AOn4CLCkfTJeY6MClZmwPe5zpeEleNeBlA
oc8VgzkAKMc,Legal FAQ for Start ups,https://www.youtube.com/watch?v=oc8VgzkAKMc,,2041.0,,,https://i.ytimg.com/vi/oc8VgzkAKMc/hqdefault.jpg?sqp=-oaymwEcCNACELwBSFXyq4qpAw4IARUAAIhCGAFwAcABBg==&rs=AOn4CLCH88Sp1XO54i_Z4UPWoyAs9jNJTQ
jHbl_Xrxte4,Innovative Solutions Across the Impact Venture Sector: A Conversation with the Founders,https://www.youtube.com/watch?v=jHbl_Xrxte4,,3036.0,,,https://i.ytimg.com/vi/jHbl_Xrxte4/hqdefault.jpg?sqp=-oaymwEcCNACELwBSFXyq4qpAw4IARUAAIhCGAFwAcABBg==&rs=AOn4CLADEtydAz3GFBrbDjeFF2VgBkTrnQ
-iY1pA8xB-Y,Food Justice: Playing with Plants with Youth Farm,https://www.youtube.com/watch?v=-iY1pA8xB-Y,,1194.0,,,https://i.ytimg.com/vi/-iY1pA8xB-Y/hqdefault.jpg?sqp=-oaymwEcCNACELwBSFXyq4qpAw4IARUAAIhCGAFwAcABBg==&rs=AOn4CLD3qoUTpny18ERHJHQxDTIOaP59Xw
JLWgfm_hiKQ,Millennial Farmer,https://www.youtube.com/watch?v=JLWgfm_hiKQ,,1354.0,,,https://i.ytimg.com/vi/JLWgfm_hiKQ/hqdefault.jpg?sqp=-oaymwEcCNACELwBSFXyq4qpAw4IARUAAIhCGAFwAcABBg==&rs=AOn4CLBU-vYrl6NqMFrdVaQye3zy7jiGUw
0mpehB3IBow,From Concept To Company in Food and Agriculture,https://www.youtube.com/watch?v=0mpehB3IBow,,2316.0,,,https://i.ytimg.com/vi/0mpehB3IBow/hqdefault.jpg?sqp=-oaymwEcCNACELwBSFXyq4qpAw4IARUAAIhCGAFwAcABBg==&rs=AOn4CLCllJmHtEhr2ZOfkXvz5VVkbSmd8Q
TLr5w_1fd9k,Answers to 10 of the Biggest Employment Law Questions Facing Startups and Emerging Companies,https://www.youtube.com/watch?v=TLr5w_1fd9k,,1971.0,,,https://i.ytimg.com/vi/TLr5w_1fd9k/hqdefault.jpg?sqp=-oaymwEcCNACELwBSFXyq4qpAw4IARUAAIhCGAFwAcABBg==&rs=AOn4CLBwGBE_U9TzzExdYFX8Np7Bl_urBQ
JC34vWvzLsQ,"Bitcoin, not Blockchain",https://www.youtube.com/watch?v=JC34vWvzLsQ,,2844.0,,,https://i.ytimg.com/vi/JC34vWvzLsQ/hqdefault.jpg?sqp=-oaymwEcCNACELwBSFXyq4qpAw4IARUAAIhCGAFwAcABBg==&rs=AOn4CLB_-2j7PupScn9QseM-oAos61YRCw
y-hfuoYpmTU,Financing your Startup,https://www.youtube.com/watch?v=y-hfuoYpmTU,,2832.0,,,https://i.ytimg.com/vi/y-hfuoYpmTU/hqdefault.jpg?sqp=-oaymwEcCNACELwBSFXyq4qpAw4IARUAAIhCGAFwAcABBg==&rs=AOn4CLAgPaSmoMbcrfNziuN7r2rnImCpzQ
Oy9YGAFtxQ8,Diversity in Venture Capital & Entrepreneurship,https://www.youtube.com/watch?v=Oy9YGAFtxQ8,,2813.0,,,https://i.ytimg.com/vi/Oy9YGAFtxQ8/hqdefault.jpg?sqp=-oaymwEcCNACELwBSFXyq4qpAw4IARUAAIhCGAFwAcABBg==&rs=AOn4CLBu011wk7A0NyLgtUwCMOU1OC3cjw
LEIb456r5l8,How St. Paul's Restaurants Found Resiliency,https://www.youtube.com/watch?v=LEIb456r5l8,,3716.0,,,https://i.ytimg.com/vi/LEIb456r5l8/hqdefault.jpg?sqp=-oaymwEcCNACELwBSFXyq4qpAw4IARUAAIhCGAFwAcABBg==&rs=AOn4CLAR5z73D680GvQVks3Cj0TBDzsCIA
BJgOI9lkEUM,"Funding Your Start Up Beyond VCs, Angels, and Accelerators",https://www.youtube.com/watch?v=BJgOI9lkEUM,,2437.0,,,https://i.ytimg.com/vi/BJgOI9lkEUM/hqdefault.jpg?sqp=-oaymwEcCNACELwBSFXyq4qpAw4IARUAAIhCGAFwAcABBg==&rs=AOn4CLBdIg5NQs2VIuWK8JcPqlHxzgnQ9w
_gRcam_OZ1E,TCSW Awards Opener,https://www.youtube.com/watch?v=_gRcam_OZ1E,,89.0,,,https://i.ytimg.com/vi/_gRcam_OZ1E/hqdefault.jpg?sqp=-oaymwEcCNACELwBSFXyq4qpAw4IARUAAIhCGAFwAcABBg==&rs=AOn4CLCyXDUuRPsuk-uZlxH4xNYozGPARw
kwq6JloQp-E,TCSW Startup Awards Broadcast,https://www.youtube.com/watch?v=kwq6JloQp-E,,1848.0,,,https://i.ytimg.com/vi/kwq6JloQp-E/hqdefault.jpg?sqp=-oaymwEcCNACELwBSFXyq4qpAw4IARUAAIhCGAFwAcABBg==&rs=AOn4CLBOeDhdLdfO2EInCKvK0ufXvovXBA
BsbGwaEyoUY,Productivity with Heart: Aligning Your Values with your Schedule,https://www.youtube.com/watch?v=BsbGwaEyoUY,,1680.0,,,https://i.ytimg.com/vi/BsbGwaEyoUY/hqdefault.jpg?sqp=-oaymwEcCNACELwBSFXyq4qpAw4IARUAAIhCGAFwAcABBg==&rs=AOn4CLAo9DdzmK5IkiaBJwG5JAHANSAFwg
iSsGH5XKYFU,A Fireside Chat with the Founders of H2Ok Innovations,https://www.youtube.com/watch?v=iSsGH5XKYFU,,1911.0,,,https://i.ytimg.com/vi/iSsGH5XKYFU/hqdefault.jpg?sqp=-oaymwEcCNACELwBSFXyq4qpAw4IARUAAIhCGAFwAcABBg==&rs=AOn4CLAzrYAsLragrWcU1v_puWeo7JS15A
hNjPOLX0GFU,Stories from EdTech Founders,https://www.youtube.com/watch?v=hNjPOLX0GFU,,2380.0,,,https://i.ytimg.com/vi/hNjPOLX0GFU/hqdefault.jpg?sqp=-oaymwEcCNACELwBSFXyq4qpAw4IARUAAIhCGAFwAcABBg==&rs=AOn4CLBGQo0kj21g6j0l04P0ruBWSHvJuw
LGK5Jr74OWE,Getting Your Startup Ready For Fundraising:  What You Need To Know,https://www.youtube.com/watch?v=LGK5Jr74OWE,,3284.0,,,https://i.ytimg.com/vi/LGK5Jr74OWE/hqdefault.jpg?sqp=-oaymwEcCNACELwBSFXyq4qpAw4IARUAAIhCGAFwAcABBg==&rs=AOn4CLAgX1eIVahVkIuJnNYwOjmxmNZAIA
1qHeOZI1h_U,OnRamp Education & Workforce Innovation Accelerator: Big Plans and Big Expectations,https://www.youtube.com/watch?v=1qHeOZI1h_U,,862.0,,,https://i.ytimg.com/vi/1qHeOZI1h_U/hqdefault.jpg?sqp=-oaymwEcCNACELwBSFXyq4qpAw4IARUAAIhCGAFwAcABBg==&rs=AOn4CLACoLxr4NnMXE2DaLHQKCMjh6ViyA
Lo8Sm5pCLV8,The Mn Afterschool Advance Story: Collaborate to Innovate,https://www.youtube.com/watch?v=Lo8Sm5pCLV8,,2145.0,,,https://i.ytimg.com/vi/Lo8Sm5pCLV8/hqdefault.jpg?sqp=-oaymwEcCNACELwBSFXyq4qpAw4IARUAAIhCGAFwAcABBg==&rs=AOn4CLDu84sWKHrhvxYhkIOgcIJrE6xJ4Q
ME3YxWdUP-U,"Equity, Distribution, and Access for All Learners in a COVID-19 Landscape",https://www.youtube.com/watch?v=ME3YxWdUP-U,,2790.0,,,https://i.ytimg.com/vi/ME3YxWdUP-U/hqdefault.jpg?sqp=-oaymwEcCNACELwBSFXyq4qpAw4IARUAAIhCGAFwAcABBg==&rs=AOn4CLArFvwaisG8DBM-B4ryKHakCFZALg
ZLM9Thh9K9E,Developing Culturally Relevant Content to Improve Student Engagement,https://www.youtube.com/watch?v=ZLM9Thh9K9E,,3124.0,,,https://i.ytimg.com/vi/ZLM9Thh9K9E/hqdefault.jpg?sqp=-oaymwEcCNACELwBSFXyq4qpAw4IARUAAIhCGAFwAcABBg==&rs=AOn4CLBMSXg6SAi8HWImR32ETBUcK4gGdg
VqNPZqa0Qpg,Creating Personal & Authentic Cultures of Innovation,https://www.youtube.com/watch?v=VqNPZqa0Qpg,,2485.0,,,https://i.ytimg.com/vi/VqNPZqa0Qpg/hqdefault.jpg?sqp=-oaymwEcCNACELwBSFXyq4qpAw4IARUAAIhCGAFwAcABBg==&rs=AOn4CLCjejdDXQgpsh6noHEu4Gb0YbTV3Q
4GhOcocjGjQ,Why Every Startup Needs To Think Like A Lobbyist - Even Yours,https://www.youtube.com/watch?v=4GhOcocjGjQ,,1876.0,,,https://i.ytimg.com/vi/4GhOcocjGjQ/hqdefault.jpg?sqp=-oaymwEcCNACELwBSFXyq4qpAw4IARUAAIhCGAFwAcABBg==&rs=AOn4CLDUQVu5mDtkHdkqmuBlxM2K6r1qdg
u25hRwT4SDY,Productivity with Heart: Aligning your values -- the Zoom version,https://www.youtube.com/watch?v=u25hRwT4SDY,,1680.0,,,https://i.ytimg.com/vi/u25hRwT4SDY/hqdefault.jpg?sqp=-oaymwEcCNACELwBSFXyq4qpAw4IARUAAIhCGAFwAcABBg==&rs=AOn4CLD7B2RdBDE8yIoucMjPQwXGzhsjKA
OnXFuS4KJtM,The Startup Game Show,https://www.youtube.com/watch?v=OnXFuS4KJtM,,1570.0,,,https://i.ytimg.com/vi/OnXFuS4KJtM/hqdefault.jpg?sqp=-oaymwEcCNACELwBSFXyq4qpAw4IARUAAIhCGAFwAcABBg==&rs=AOn4CLBkNDPtpvrd-S9QFjKesMXFVFgkfg
g67vWi9LoQs,Tales of the COVID-19 Pivot,https://www.youtube.com/watch?v=g67vWi9LoQs,,2816.0,,,https://i.ytimg.com/vi/g67vWi9LoQs/hqdefault.jpg?sqp=-oaymwEcCNACELwBSFXyq4qpAw4IARUAAIhCGAFwAcABBg==&rs=AOn4CLDoP6XjgpCKXym_51G5cwdK-WcR9g
IKnfRvH7qNA,Supporting Founder Wellness and Mental Health,https://www.youtube.com/watch?v=IKnfRvH7qNA,,2694.0,,,https://i.ytimg.com/vi/IKnfRvH7qNA/hqdefault.jpg?sqp=-oaymwEcCNACELwBSFXyq4qpAw4IARUAAIhCGAFwAcABBg==&rs=AOn4CLAJMSRkwmwxKVuAnhBH_ZS5Hn3BjQ
DsTOUwD4oGc,Uplifting Founders: Delegate to Elevate,https://www.youtube.com/watch?v=DsTOUwD4oGc,,1642.0,,,https://i.ytimg.com/vi/DsTOUwD4oGc/hqdefault.jpg?sqp=-oaymwEcCNACELwBSFXyq4qpAw4IARUAAIhCGAFwAcABBg==&rs=AOn4CLCtQ_zcu3j2apim5Hd-deB8XeuHbw
S9u7m-wSjlM,Unleashing The Power of YOUR Idea,https://www.youtube.com/watch?v=S9u7m-wSjlM,,2661.0,,,https://i.ytimg.com/vi/S9u7m-wSjlM/hqdefault.jpg?sqp=-oaymwEcCNACELwBSFXyq4qpAw4IARUAAIhCGAFwAcABBg==&rs=AOn4CLAo3VHlssPagK8R1pWxaUryhPDUcw
f_gci7-8WJ4,Scaling Within: Expand Your Internal Capacity to Endure Change in the Midst of Uncertainty,https://www.youtube.com/watch?v=f_gci7-8WJ4,,2862.0,,,https://i.ytimg.com/vi/f_gci7-8WJ4/hqdefault.jpg?sqp=-oaymwEcCNACELwBSFXyq4qpAw4IARUAAIhCGAFwAcABBg==&rs=AOn4CLC1l3NKyEPICelVN3gvSIQlR0Twxw
dMy1d2Jv6GI,Scalable Operations: How structure can drive growth,https://www.youtube.com/watch?v=dMy1d2Jv6GI,,1301.0,,,https://i.ytimg.com/vi/dMy1d2Jv6GI/hqdefault.jpg?sqp=-oaymwEcCNACELwBSFXyq4qpAw4IARUAAIhCGAFwAcABBg==&rs=AOn4CLD_avOu6dK5Tw_9eE3FAK7W3NtFug
abejirTeQK8,Scaling Your MVP: What should your tech look like?,https://www.youtube.com/watch?v=abejirTeQK8,,1906.0,,,https://i.ytimg.com/vi/abejirTeQK8/hqdefault.jpg?sqp=-oaymwEcCNACELwBSFXyq4qpAw4IARUAAIhCGAFwAcABBg==&rs=AOn4CLD8Nt5iiDxMtRLhFalhNB1ozJV0Mg
qNaz5p6Eojg,Twin Cities Startup Week (TCSW) 2023 TEASER 2,https://www.youtube.com/shorts/qNaz5p6Eojg,,,172,,https://i.ytimg.com/vi/qNaz5p6Eojg/oar2.jpg?sqp=-oaymwEdCNAFENAFSFWQAgHyq4qpAwwIARUAAIhCcAHAAQY=&rs=AOn4CLCIESFon6fzTzKhMAM0r5AAq1Jpgg&usqp=CCk
YN1AB6LGjpo,Twin Cities Startup Week (TCSW) 2023 TEASER 3,https://www.youtube.com/shorts/YN1AB6LGjpo,,,190,,https://i.ytimg.com/vi/YN1AB6LGjpo/oar2.jpg?sqp=-oaymwEdCNAFENAFSFWQAgHyq4qpAwwIARUAAIhCcAHAAQY=&rs=AOn4CLD2NYL6KxXI-MoQjk4PFWpcB1A0VQ&usqp=CCk
dmQfzi6kLpg,Twin Cities Startup Week (TCSW) 2023 TEASER 1,https://www.youtube.com/shorts/dmQfzi6kLpg,,,110,,https://i.ytimg.com/vi/dmQfzi6kLpg/oar2.jpg?sqp=-oaymwEdCNAFENAFSFWQAgHyq4qpAwwIARUAAIhCcAHAAQY=&rs=AOn4CLA41WkYVryRvn46zpVFJjKU2ct9uA&usqp=CCk
