year,title,url,description,date,speakers,venue,track
2019,8 Ways You Can Increase Event Registration For Your Virtual Events (That Generic Sign-Up Tips Don’t Cover),,,,,,
2019,7 Common Mistakes Event Planners Make When Gathering Attendee Feedback (And What to do Instead),,,,,,
2019,Event Registration Software for Schools: A Comprehensive Guide (2025),,,,,,
2019,7 Ways Event Scheduling Software Helps K-12 Schools Run Better Events,,,,,,
2019,5 Tips for a Successful Professional Development Day (That Really Work for K-12 Schools),,,,,,
2019,7 Reasons Why You Need a Mobile Event App to Run Successful Events in 2025,,,,,,
2019,"School Event Management Software: Benefits, Features, and What to Look For",,,,,,
2019,10 Ways Event Planning Software Can Help You Beyond Your Next Event,,,,,,
2019,How to Host a Successful Virtual Event: 10 Tips & Best Practices,,,,,,
2019,Master the Speaker Submission Process: How to Pick the Best Speakers for Your Events,,,,,,
